Transaction_id,Account_id,Date,Amount
10000,7834664,1/1/2019 12:50,38.08
10001,6723489,1/2/2019 5:36,99.45
10002,6456773,1/2/2019 8:27,760.91
10003,6456773,1/2/2019 11:07,20.55
10004,7834664,1/2/2019 11:11,50.66
10005,7834664,1/2/2019 12:46,74.79
10006,6456773,1/2/2019 17:33,794.57
10007,7834664,1/3/2019 1:24,101.92
10008,6456773,1/3/2019 3:28,546.27
10009,5788337,1/4/2019 17:32,98.59
10010,7834664,1/5/2019 1:11,22.98
10011,5788337,1/5/2019 6:56,41.59
10012,7378469,1/6/2019 1:01,467.8
10013,6456773,1/6/2019 1:25,60.22
10014,5788337,1/6/2019 8:05,89.19
10015,7378469,1/6/2019 8:54,2668.88
10016,7378469,1/6/2019 9:12,295.53
10017,5788337,1/6/2019 11:54,96.76
10018,7834664,1/6/2019 12:24,116.06
10019,5788337,1/6/2019 23:29,122.67
10020,6456773,1/7/2019 4:41,117.34
10021,7834664,1/7/2019 6:40,21.69
10022,6723489,1/7/2019 21:28,92.77
10023,7834664,1/7/2019 21:47,96.92
10024,7834664,1/7/2019 22:33,571.63
10025,6456773,1/8/2019 6:59,174.83
10026,6456773,1/8/2019 11:50,92.98
10027,5788337,1/8/2019 12:15,14.78
10028,6456773,1/8/2019 15:52,94.56
10029,7834664,1/8/2019 20:31,91.91
10030,7834664,1/8/2019 21:38,660
10031,6456773,1/9/2019 1:22,685.14
10032,6456773,1/9/2019 10:58,748.74
10033,6723489,1/9/2019 16:04,67.32
10034,6723489,1/9/2019 21:06,9.81
10035,6456773,1/10/2019 6:43,681.22
10036,7378469,1/10/2019 8:12,363.21
10037,6456773,1/10/2019 13:04,685.69
10038,6456773,1/10/2019 17:11,128.84
10039,7834664,1/10/2019 17:56,45.07
10040,6723489,1/11/2019 0:46,84.31
10041,6456773,1/11/2019 3:58,115.74
10042,7378469,1/11/2019 5:54,530
10043,6456773,1/11/2019 7:58,147.61
10044,7378469,1/11/2019 8:46,156.71
10045,6456773,1/11/2019 13:46,143.95
10046,7378469,1/11/2019 17:15,341.93
10047,7834664,1/12/2019 1:55,640.07
10048,6456773,1/12/2019 3:54,118.59
10049,5788337,1/12/2019 4:17,18.33
10050,6456773,1/12/2019 9:27,494.47
10051,7378469,1/12/2019 10:07,248.07
10052,6723489,1/13/2019 0:49,84.61
10053,7378469,1/13/2019 10:08,127.04
10054,6456773,1/14/2019 0:19,119.18
10055,6456773,1/14/2019 18:08,91.19
10056,6456773,1/14/2019 22:38,499.97
10057,5788337,1/15/2019 1:31,46.9
10058,7378469,1/15/2019 2:42,5394.95
10059,7378469,1/15/2019 9:30,450.59
10060,6456773,1/15/2019 14:38,17.11
10061,6723489,1/15/2019 15:14,30.95
10062,7834664,1/15/2019 23:33,28.54
10063,7378469,1/16/2019 3:17,323.31
10064,6723489,1/16/2019 8:56,16.25
10065,7834664,1/16/2019 11:10,53.66
10066,6723489,1/16/2019 12:10,70.94
10067,5788337,1/16/2019 15:03,124.23
10068,6456773,1/16/2019 19:54,173.99
10069,6456773,1/16/2019 21:27,471.7
10070,6456773,1/17/2019 0:27,681.84
10071,6456773,1/17/2019 0:52,180.89
10072,5788337,1/17/2019 2:53,5.34
10073,6456773,1/17/2019 14:19,154.58
10074,6456773,1/17/2019 20:05,143.09
10075,7834664,1/18/2019 0:39,53.87
10076,5788337,1/18/2019 1:25,32.8
10077,6456773,1/18/2019 3:41,176.94
10078,5788337,1/18/2019 4:40,11.87
10079,6723489,1/18/2019 5:53,66.73
10080,6456773,1/18/2019 6:21,188.13
10081,6723489,1/18/2019 11:10,69.3
10082,5788337,1/18/2019 14:02,90.78
10083,6456773,1/18/2019 21:00,87.23
10084,6456773,1/18/2019 21:12,173.31
10085,7834664,1/19/2019 4:57,95.93
10086,7834664,1/19/2019 9:24,47.07
10087,6456773,1/19/2019 13:48,191.57
10088,5788337,1/19/2019 14:20,47.53
10089,6456773,1/19/2019 14:59,46.42
10090,5788337,1/19/2019 16:05,49.01
10091,6456773,1/19/2019 18:29,578.37
10092,6456773,1/19/2019 20:09,498.27
10093,6456773,1/20/2019 7:14,170.38
10094,7378469,1/20/2019 7:36,362.09
10095,6456773,1/20/2019 12:26,71.21
10096,6723489,1/20/2019 13:18,24.15
10097,7378469,1/20/2019 17:56,4541.51
10098,5788337,1/20/2019 18:48,33.45
10099,6456773,1/20/2019 18:53,77.88
10100,7378469,1/21/2019 10:58,502.7
10101,5788337,1/21/2019 22:14,164.28
10102,6456773,1/22/2019 0:47,74.28
10103,7834664,1/22/2019 7:57,57.91
10104,7834664,1/22/2019 16:06,31.22
10105,6456773,1/22/2019 23:11,55.91
10106,6456773,1/23/2019 5:39,525.49
10107,6456773,1/23/2019 5:57,90.02
10108,5788337,1/23/2019 10:18,7.62
10109,7834664,1/23/2019 12:00,76.96
10110,7378469,1/23/2019 16:01,585.97
10111,7834664,1/23/2019 22:40,95.2
10112,6456773,1/24/2019 1:45,128.07
10113,6723489,1/24/2019 9:20,38.72
10114,7378469,1/24/2019 14:25,468.3
10115,6723489,1/24/2019 19:24,38.38
10116,6456773,1/24/2019 19:45,23.07
10117,6456773,1/24/2019 21:02,622.76
10118,6456773,1/25/2019 0:20,56.07
10119,6456773,1/25/2019 12:44,174.45
10120,7378469,1/25/2019 18:32,428.4
10121,6456773,1/25/2019 21:56,64.65
10122,7834664,1/25/2019 23:39,106.09
10123,6456773,1/26/2019 1:27,50.46
10124,6456773,1/26/2019 12:38,55.69
10125,7378469,1/26/2019 17:49,241.43
10126,6456773,1/26/2019 22:13,112.56
10127,6456773,1/27/2019 1:06,48.26
10128,7378469,1/27/2019 10:57,552.44
10129,6456773,1/27/2019 14:26,523.23
10130,5788337,1/27/2019 17:11,13.53
10131,7834664,1/27/2019 18:56,92.37
10132,7378469,1/27/2019 21:32,572.88
10133,6723489,1/28/2019 2:47,37.6
10134,5788337,1/28/2019 3:28,5.88
10135,6456773,1/28/2019 5:32,16.33
10136,5788337,1/28/2019 9:06,310.77
10137,5788337,1/28/2019 11:36,23.07
10138,6456773,1/28/2019 19:17,93.06
10139,6456773,1/28/2019 23:10,111.84
10140,6456773,1/29/2019 3:59,108.48
10141,5788337,1/29/2019 19:54,44.37
10142,5788337,1/29/2019 20:39,184.18
10143,6456773,1/30/2019 0:36,126.61
10144,6456773,1/30/2019 2:00,645.53
10145,6456773,1/30/2019 2:25,711.08
10146,7834664,1/30/2019 2:35,61.24
10147,6456773,1/30/2019 8:07,133.07
10148,6456773,1/30/2019 13:58,494.89
10149,6723489,1/30/2019 17:38,93.93
10150,6456773,1/31/2019 3:13,118.81
10151,7834664,1/31/2019 6:30,94.41
10152,6456773,1/31/2019 9:55,762.05
10153,7834664,2/1/2019 0:25,777.02
10154,6456773,2/1/2019 2:44,503.18
10155,7378469,2/1/2019 4:30,2505.88
10156,6456773,2/1/2019 6:07,499.94
10157,6456773,2/1/2019 11:22,587.37
10158,7378469,2/1/2019 11:25,4711.65
10159,7378469,2/1/2019 17:32,423.31
10160,6456773,2/1/2019 18:46,142.01
10161,6456773,2/1/2019 18:59,158.65
10162,7378469,2/1/2019 21:55,562.9
10163,6456773,2/2/2019 0:12,156.2
10164,7378469,2/2/2019 4:36,287.77
10165,6456773,2/2/2019 10:42,155.59
10166,7378469,2/2/2019 10:51,5470.62
10167,7834664,2/2/2019 18:29,102.03
10168,7378469,2/2/2019 22:08,424.61
10169,7834664,2/2/2019 23:11,34.5
10170,7834664,2/3/2019 6:44,41.59
10171,6456773,2/3/2019 9:40,177.63
10172,6456773,2/3/2019 11:35,39.86
10173,6456773,2/3/2019 16:55,780.73
10174,5788337,2/4/2019 1:36,38.39
10175,7834664,2/4/2019 19:36,83.9
10176,7834664,2/5/2019 1:19,108.83
10177,6723489,2/5/2019 5:30,29.47
10178,6456773,2/5/2019 7:13,58.46
10179,6723489,2/6/2019 3:25,65.29
10180,6456773,2/6/2019 10:47,20.52
10181,5788337,2/6/2019 12:13,40.4
10182,6456773,2/6/2019 14:09,90.57
10183,6723489,2/6/2019 14:32,73.88
10184,7834664,2/6/2019 14:41,62.42
10185,6723489,2/6/2019 18:59,79.8
10186,6456773,2/7/2019 6:59,108.19
10187,7378469,2/7/2019 7:27,3089.03
10188,6723489,2/7/2019 7:42,33.74
10189,6723489,2/7/2019 12:52,40.68
10190,7378469,2/7/2019 16:40,413.87
10191,6456773,2/8/2019 5:34,162.91
10192,6456773,2/8/2019 9:33,156.67
10193,6456773,2/9/2019 0:52,188.95
10194,6456773,2/9/2019 5:00,23.27
10195,6456773,2/9/2019 17:29,125.03
10196,5788337,2/9/2019 20:52,47.26
10197,6456773,2/9/2019 20:59,589.99
10198,6723489,2/10/2019 1:30,84.41
10199,6456773,2/10/2019 8:43,778.51
10200,5788337,2/10/2019 19:28,34.01
10201,6456773,2/10/2019 19:33,53.7
10202,5788337,2/10/2019 20:48,21.69
10203,6723489,2/11/2019 2:09,44.78
10204,6723489,2/11/2019 13:10,32.13
10205,6456773,2/12/2019 0:20,106.72
10206,6456773,2/12/2019 6:45,522.96
10207,7378469,2/12/2019 12:36,5054.22
10208,6456773,2/12/2019 12:38,103.91
10209,7834664,2/12/2019 22:18,94.94
10210,6456773,2/12/2019 22:41,85.96
10211,7378469,2/13/2019 1:04,5414.43
10212,6456773,2/13/2019 12:08,59.44
10213,6723489,2/13/2019 14:39,69.27
10214,6456773,2/13/2019 16:56,91.96
10215,6456773,2/14/2019 0:10,61.6
10216,5788337,2/14/2019 8:36,35.93
10217,7378469,2/14/2019 11:43,338.5
10218,7834664,2/14/2019 16:51,44.56
10219,6723489,2/15/2019 2:19,11.69
10220,6456773,2/15/2019 3:57,193.12
10221,7378469,2/15/2019 11:47,553.05
10222,6723489,2/15/2019 13:57,60.16
10223,6723489,2/15/2019 20:24,71.33
10224,6723489,2/16/2019 0:42,12.77
10225,7834664,2/16/2019 10:16,101.77
10226,6723489,2/16/2019 16:04,89.9
10227,6456773,2/17/2019 3:20,628.91
10228,6456773,2/17/2019 9:18,474.9
10229,5788337,2/17/2019 17:59,16.84
10230,6723489,2/17/2019 18:09,61.63
10231,7834664,2/17/2019 20:15,83.02
10232,6723489,2/17/2019 23:32,6.21
10233,7378469,2/18/2019 5:58,153.23
10234,7834664,2/18/2019 10:38,76.61
10235,5788337,2/18/2019 14:08,4.55
10236,7378469,2/18/2019 14:52,593.46
10237,6723489,2/18/2019 21:00,685.61
10238,7834664,2/19/2019 2:54,99.4
10239,6456773,2/19/2019 5:58,173.37
10240,7378469,2/19/2019 7:12,398.05
10241,6456773,2/19/2019 11:30,119.92
10242,6456773,2/19/2019 18:17,189.94
10243,6456773,2/20/2019 9:10,102.9
10244,5788337,2/20/2019 11:57,56.29
10245,7378469,2/20/2019 12:44,212.77
10246,7378469,2/20/2019 13:48,146.64
10247,7378469,2/21/2019 0:25,228.38
10248,7378469,2/21/2019 7:33,5282.48
10249,6723489,2/21/2019 19:25,14.49
10250,7378469,2/22/2019 0:22,3803.9
10251,7378469,2/22/2019 8:26,274.9
10252,6456773,2/22/2019 14:45,130.07
10253,6456773,2/22/2019 15:17,183.67
10254,7834664,2/22/2019 20:03,678.69
10255,7834664,2/22/2019 20:14,889.26
10256,7834664,2/22/2019 22:17,885.6
10257,6456773,2/22/2019 22:39,21.92
10258,6456773,2/23/2019 0:37,715.04
10259,6456773,2/23/2019 2:47,108.45
10260,5788337,2/23/2019 2:47,805.24
10261,6456773,2/23/2019 6:09,23.26
10262,7834664,2/23/2019 8:13,36.79
10263,5788337,2/23/2019 13:00,48.57
10264,6456773,2/23/2019 18:31,104.19
10265,6723489,2/24/2019 10:59,98.8
10266,6456773,2/24/2019 11:16,152.74
10267,7834664,2/25/2019 6:03,118.17
10268,7834664,2/25/2019 8:43,22.59
10269,6723489,2/25/2019 13:13,5.53
10270,7834664,2/25/2019 22:18,48.34
10271,7378469,2/26/2019 3:54,154.62
10272,7834664,2/26/2019 6:43,29.77
10273,5788337,2/26/2019 8:39,113.12
10274,6456773,2/26/2019 11:09,795.41
10275,6456773,2/26/2019 12:26,91.5
10276,6456773,2/26/2019 13:43,167.65
10277,5788337,2/26/2019 14:28,48.47
10278,6456773,2/26/2019 14:33,151.75
10279,6723489,2/26/2019 14:49,63.9
10280,7834664,2/26/2019 23:13,65.89
10281,6456773,2/27/2019 1:08,42.04
10282,6456773,2/27/2019 9:29,776.75
10283,5788337,2/27/2019 10:05,160.47
10284,7834664,2/27/2019 13:54,830.42
10285,7378469,2/27/2019 18:51,3764.25
10286,6723489,2/27/2019 20:06,44.28
10287,6456773,2/27/2019 21:41,694.21
10288,6456773,2/27/2019 22:30,164.41
10289,5788337,2/28/2019 4:05,31.06
10290,6456773,2/28/2019 20:25,68.09
10291,6456773,2/28/2019 20:32,47.14
10292,6723489,3/1/2019 1:23,49.43
10293,5788337,3/1/2019 3:55,172.61
10294,6723489,3/1/2019 6:33,10.38
10295,7834664,3/1/2019 15:37,109.75
10296,7834664,3/1/2019 20:23,889.1
10297,6456773,3/1/2019 21:16,497.22
10298,6456773,3/1/2019 23:14,36.56
10299,6723489,3/2/2019 1:32,13
10300,7834664,3/2/2019 5:11,53.82
10301,6723489,3/2/2019 13:50,73.19
10302,6723489,3/2/2019 14:18,75.14
10303,7834664,3/2/2019 16:17,34.78
10304,7834664,3/2/2019 18:40,106.5
10305,7378469,3/3/2019 3:44,3797.17
10306,6723489,3/3/2019 4:55,98.08
10307,6456773,3/3/2019 6:19,656.39
10308,6723489,3/3/2019 9:21,73.01
10309,7378469,3/3/2019 10:00,323.07
10310,7378469,3/3/2019 14:45,4073.66
10311,6456773,3/3/2019 16:44,588.93
10312,6456773,3/3/2019 18:24,191.56
10313,7378469,3/3/2019 19:57,162.45
10314,7834664,3/4/2019 18:46,26.11
10315,7378469,3/5/2019 2:32,580.42
10316,7834664,3/5/2019 7:26,21.07
10317,6456773,3/5/2019 7:39,557.38
10318,6723489,3/5/2019 8:20,81.89
10319,6456773,3/5/2019 8:39,114.21
10320,5788337,3/5/2019 13:03,56.9
10321,7378469,3/6/2019 7:55,502.25
10322,7834664,3/6/2019 9:03,41.37
10323,6723489,3/6/2019 23:09,32.46
10324,7834664,3/7/2019 1:46,27.89
10325,6456773,3/7/2019 4:28,147.83
10326,7834664,3/7/2019 8:12,67.78
10327,5788337,3/8/2019 5:59,171.17
10328,5788337,3/8/2019 6:42,54.11
10329,7378469,3/8/2019 7:24,308.61
10330,6723489,3/8/2019 11:29,49.72
10331,7378469,3/8/2019 17:26,570.86
10332,5788337,3/8/2019 22:43,140.9
10333,7834664,3/9/2019 1:05,27.76
10334,6456773,3/9/2019 1:28,763.08
10335,6723489,3/9/2019 6:50,29.81
10336,6723489,3/9/2019 13:20,53.85
10337,6456773,3/9/2019 15:03,55.47
10338,6723489,3/9/2019 16:02,479.62
10339,7834664,3/9/2019 16:08,104.44
10340,5788337,3/10/2019 2:22,57.84
10341,7834664,3/10/2019 6:36,72.03
10342,6456773,3/10/2019 10:44,71.39
10343,6723489,3/11/2019 8:12,15.03
10344,6723489,3/11/2019 10:28,649.64
10345,7834664,3/11/2019 16:20,526.53
10346,6456773,3/12/2019 1:58,160.98
10347,7378469,3/12/2019 17:51,355.37
10348,6723489,3/13/2019 4:51,19.15
10349,7378469,3/13/2019 7:06,433.84
10350,6456773,3/13/2019 21:54,30.4
10351,6456773,3/14/2019 1:33,103.5
10352,6723489,3/14/2019 12:08,785.2
10353,7378469,3/14/2019 14:17,597.79
10354,5788337,3/14/2019 14:20,46.63
10355,6456773,3/15/2019 4:07,563.75
10356,7834664,3/15/2019 13:37,32.95
10357,5788337,3/15/2019 17:31,89.65
10358,6456773,3/15/2019 23:50,562.77
10359,5788337,3/16/2019 10:26,478.11
10360,5788337,3/17/2019 10:36,14.08
10361,6723489,3/17/2019 22:57,44.05
10362,6456773,3/18/2019 7:50,50.32
10363,7378469,3/18/2019 14:23,284.31
10364,6723489,3/19/2019 6:35,76.11
10365,7378469,3/19/2019 6:59,528.73
10366,6456773,3/19/2019 8:41,99.77
10367,5788337,3/19/2019 23:38,23.19
10368,5788337,3/20/2019 17:16,17.11
10369,7378469,3/20/2019 18:52,245.62
10370,7834664,3/20/2019 22:58,93.9
10371,7834664,3/20/2019 23:57,56.34
10372,7834664,3/21/2019 6:52,73.83
10373,6456773,3/21/2019 11:35,740.7
10374,7378469,3/22/2019 4:14,192.91
10375,6456773,3/22/2019 8:13,592.69
10376,7378469,3/22/2019 12:11,512.08
10377,6456773,3/22/2019 12:22,72.85
10378,6456773,3/22/2019 16:44,32.54
10379,5788337,3/22/2019 17:48,35.56
10380,6723489,3/23/2019 1:46,16.38
10381,7378469,3/23/2019 3:20,5332.76
10382,6456773,3/23/2019 6:44,98.59
10383,6456773,3/23/2019 12:27,101.71
10384,6723489,3/23/2019 17:17,67.69
10385,6723489,3/23/2019 21:17,82.37
10386,6456773,3/23/2019 23:07,81.37
10387,6456773,3/24/2019 2:48,27.13
10388,6723489,3/24/2019 7:31,703.73
10389,6456773,3/24/2019 15:58,66.2
10390,7834664,3/25/2019 3:08,40.53
10391,5788337,3/25/2019 13:41,53.02
10392,7378469,3/25/2019 16:18,2717.41
10393,5788337,3/25/2019 20:59,19.67
10394,6723489,3/25/2019 22:19,60.1
10395,6723489,3/26/2019 12:07,81.32
10396,6723489,3/26/2019 23:06,30.02
10397,7834664,3/27/2019 2:31,42.9
10398,6723489,3/27/2019 10:59,89.82
10399,6723489,3/27/2019 15:21,19.94
10400,6456773,3/27/2019 18:39,156.24
10401,7834664,3/27/2019 20:03,41.56
10402,7378469,3/27/2019 22:27,503.67
10403,6456773,3/28/2019 0:52,58.22
10404,6723489,3/28/2019 2:33,97.66
10405,6723489,3/28/2019 21:57,62.57
10406,7378469,3/29/2019 1:17,208.99
10407,6456773,3/29/2019 7:53,124.72
10408,6723489,3/29/2019 9:09,457.53
10409,5788337,3/29/2019 12:16,970.76
10410,6456773,3/29/2019 14:35,84.94
10411,6723489,3/29/2019 16:19,94.84
10412,6723489,3/29/2019 23:50,72.92
10413,6456773,3/30/2019 2:43,69.84
10414,6456773,3/30/2019 12:06,111.02
10415,6723489,3/30/2019 13:26,5.01
10416,6723489,3/30/2019 15:25,28.32
10417,6456773,3/30/2019 18:06,103.26
10418,6456773,3/31/2019 5:38,647.99
10419,6456773,3/31/2019 5:57,43.08
10420,6456773,3/31/2019 8:01,625.89
10421,7834664,3/31/2019 8:16,32.09
10422,6723489,3/31/2019 9:55,50.59
10423,5788337,3/31/2019 17:59,116.29
10424,6456773,3/31/2019 23:18,80.07
10425,7378469,4/2/2019 5:50,3519.79
10426,5788337,4/2/2019 7:48,47.3
10427,6456773,4/2/2019 9:35,17
10428,7378469,4/2/2019 18:05,565.69
10429,7834664,4/3/2019 12:29,89.51
10430,6723489,4/3/2019 19:09,71.76
10431,7834664,4/3/2019 23:46,68.48
10432,6456773,4/4/2019 4:27,192.73
10433,7834664,4/4/2019 10:07,100.87
10434,5788337,4/4/2019 16:58,85.01
10435,6723489,4/5/2019 16:59,99.15
10436,6456773,4/5/2019 18:43,192.89
10437,7834664,4/6/2019 4:46,114.33
10438,6723489,4/6/2019 10:46,67.62
10439,6456773,4/6/2019 13:54,86.48
10440,7834664,4/6/2019 19:19,21.16
10441,7378469,4/6/2019 23:29,274.51
10442,6723489,4/7/2019 3:26,88.7
10443,6456773,4/7/2019 13:01,95.26
10444,5788337,4/7/2019 17:38,112.8
10445,6456773,4/7/2019 20:55,43.24
10446,6723489,4/8/2019 0:25,51.41
10447,5788337,4/8/2019 3:53,165.73
10448,6723489,4/8/2019 5:02,7.12
10449,6456773,4/8/2019 11:57,193.31
10450,7378469,4/9/2019 10:48,4176.8
10451,7378469,4/9/2019 12:38,432.79
10452,7378469,4/9/2019 17:17,480.32
10453,5788337,4/9/2019 23:57,57.02
10454,6456773,4/10/2019 6:58,104.92
10455,5788337,4/10/2019 7:52,54.72
10456,7378469,4/11/2019 1:39,480.3
10457,6456773,4/11/2019 3:36,770.19
10458,7834664,4/11/2019 5:25,901.31
10459,6456773,4/11/2019 5:58,25.44
10460,6456773,4/11/2019 10:57,187.96
10461,7834664,4/11/2019 11:09,116.58
10462,6456773,4/11/2019 11:54,44.07
10463,7378469,4/11/2019 13:24,3605.85
10464,6456773,4/11/2019 22:44,32.77
10465,6456773,4/12/2019 4:03,71.04
10466,6723489,4/12/2019 7:33,80.96
10467,6723489,4/12/2019 7:48,12.12
10468,5788337,4/12/2019 8:40,59.03
10469,6456773,4/12/2019 14:01,24.21
10470,6723489,4/12/2019 15:55,32.2
10471,6456773,4/12/2019 19:40,642.41
10472,6723489,4/13/2019 1:22,80.54
10473,5788337,4/13/2019 4:00,31.97
10474,7834664,4/13/2019 7:45,79.04
10475,6456773,4/13/2019 8:19,59.92
10476,6723489,4/13/2019 13:45,68.79
10477,6456773,4/13/2019 16:46,157.85
10478,6456773,4/13/2019 17:39,536.87
10479,7834664,4/13/2019 20:35,102.53
10480,6723489,4/14/2019 1:28,77.24
10481,6456773,4/14/2019 2:12,84.82
10482,5788337,4/14/2019 5:27,794.37
10483,6456773,4/14/2019 6:36,116.31
10484,6456773,4/14/2019 7:15,107.34
10485,7378469,4/14/2019 9:33,2559.79
10486,6723489,4/14/2019 17:13,39.01
10487,6456773,4/14/2019 21:09,62.93
10488,5788337,4/14/2019 23:00,50.16
10489,7834664,4/15/2019 0:44,810.68
10490,5788337,4/15/2019 4:20,124.8
10491,7834664,4/15/2019 6:40,24.93
10492,7378469,4/15/2019 9:14,208.31
10493,7378469,4/15/2019 9:54,541.69
10494,7834664,4/15/2019 10:57,98.97
10495,5788337,4/15/2019 16:15,16.13
10496,6723489,4/16/2019 2:39,86.38
10497,6723489,4/16/2019 7:38,62.24
10498,7834664,4/16/2019 19:54,22.96
10499,7378469,4/16/2019 20:36,375.57
10500,5788337,4/16/2019 22:40,18.03
10501,6456773,4/17/2019 3:26,50.97
10502,7834664,4/17/2019 17:42,82.01
10503,6456773,4/18/2019 2:43,159.2
10504,6723489,4/18/2019 14:15,94.25
10505,6723489,4/18/2019 15:37,41.26
10506,6456773,4/19/2019 1:43,61.65
10507,7834664,4/19/2019 9:15,20.38
10508,6456773,4/19/2019 20:48,72.33
10509,6456773,4/19/2019 23:20,571.49
10510,6456773,4/20/2019 2:07,54.33
10511,6723489,4/20/2019 6:04,90.12
10512,6456773,4/20/2019 19:17,650.32
10513,6456773,4/20/2019 21:27,125.53
10514,6456773,4/21/2019 0:24,94.41
10515,7834664,4/21/2019 2:28,73.48
10516,7378469,4/21/2019 12:48,223.52
10517,6456773,4/21/2019 16:05,88.36
10518,7834664,4/21/2019 17:47,68.31
10519,6723489,4/22/2019 3:55,67.09
10520,5788337,4/22/2019 4:32,4.92
10521,6723489,4/22/2019 10:37,26.88
10522,5788337,4/22/2019 13:57,49.86
10523,7834664,4/22/2019 17:09,27.16
10524,7834664,4/22/2019 17:56,31.35
10525,7834664,4/22/2019 21:16,56.92
10526,5788337,4/23/2019 2:39,25.65
10527,6456773,4/23/2019 8:06,705.84
10528,7834664,4/23/2019 10:22,28.66
10529,6456773,4/23/2019 18:42,43.8
10530,7378469,4/23/2019 23:44,411.45
10531,6456773,4/24/2019 8:18,53.81
10532,6723489,4/24/2019 19:32,61.6
10533,6723489,4/25/2019 4:22,23.16
10534,7834664,4/25/2019 10:17,112.37
10535,5788337,4/25/2019 16:07,57.62
10536,6456773,4/25/2019 16:34,94.83
10537,7378469,4/26/2019 2:24,580.32
10538,5788337,4/26/2019 4:26,160.18
10539,5788337,4/26/2019 9:04,112.86
10540,5788337,4/26/2019 21:05,37.75
10541,6456773,4/27/2019 0:19,91.96
10542,6456773,4/27/2019 3:57,177.44
10543,6456773,4/27/2019 7:56,167.51
10544,6456773,4/27/2019 19:36,19.19
10545,6456773,4/28/2019 21:26,45.2
10546,6723489,4/29/2019 10:47,16.35
10547,6456773,4/29/2019 11:38,97.76
10548,7834664,4/29/2019 14:46,85.57
10549,6723489,4/30/2019 9:37,63.7
10550,6723489,4/30/2019 9:43,67.2
10551,6456773,4/30/2019 11:29,149.01
10552,5788337,4/30/2019 12:56,57.48
10553,6456773,5/1/2019 5:17,102.28
10554,5788337,5/1/2019 6:06,128.66
10555,6723489,5/1/2019 15:19,13.9
10556,6456773,5/1/2019 22:29,69.67
10557,7378469,5/2/2019 5:33,147.66
10558,6456773,5/2/2019 12:18,155.02
10559,7378469,5/2/2019 13:47,417.75
10560,6456773,5/3/2019 15:33,52.93
10561,6456773,5/3/2019 16:44,774.63
10562,5788337,5/3/2019 19:56,20.02
10563,7378469,5/3/2019 21:44,451.67
10564,6723489,5/4/2019 10:38,52.8
10565,5788337,5/4/2019 16:10,34.41
10566,6456773,5/4/2019 22:04,52.3
10567,7834664,5/5/2019 5:57,80.68
10568,7834664,5/5/2019 6:12,113.88
10569,7378469,5/6/2019 0:54,248.15
10570,6456773,5/6/2019 3:18,65.67
10571,5788337,5/6/2019 18:12,144.73
10572,5788337,5/6/2019 21:11,43.24
10573,6456773,5/7/2019 1:55,81.18
10574,7378469,5/7/2019 4:31,141.64
10575,6456773,5/7/2019 10:56,199.9
10576,6456773,5/7/2019 18:00,165.81
10577,5788337,5/7/2019 20:49,32.64
10578,5788337,5/8/2019 8:12,36.65
10579,5788337,5/8/2019 14:24,186.98
10580,7834664,5/9/2019 1:28,527.48
10581,5788337,5/9/2019 9:25,38.67
10582,6456773,5/9/2019 10:42,615.6
10583,5788337,5/9/2019 11:28,44.16
10584,5788337,5/9/2019 19:12,9.45
10585,7834664,5/10/2019 6:28,118.47
10586,6723489,5/10/2019 12:14,603.68
10587,7378469,5/10/2019 14:35,583.74
10588,6456773,5/10/2019 15:36,150
10589,6456773,5/10/2019 16:58,17.32
10590,7378469,5/10/2019 18:16,439.45
10591,5788337,5/11/2019 6:43,49.76
10592,6456773,5/11/2019 9:24,169.99
10593,5788337,5/12/2019 2:30,29.01
10594,7834664,5/12/2019 5:12,81.66
10595,6723489,5/12/2019 19:43,5.68
10596,6456773,5/13/2019 5:07,465.63
10597,6456773,5/13/2019 8:13,137.21
10598,7378469,5/13/2019 11:06,247.31
10599,6723489,5/13/2019 16:45,8.6
10600,5788337,5/13/2019 17:33,191.6
10601,6723489,5/13/2019 23:03,29.8
10602,5788337,5/14/2019 1:40,20.06
10603,6456773,5/14/2019 15:48,127.11
10604,7834664,5/15/2019 1:08,57.93
10605,6456773,5/15/2019 9:41,72.35
10606,5788337,5/15/2019 19:52,471.5
10607,5788337,5/15/2019 20:15,716.07
10608,6723489,5/15/2019 22:03,42.63
10609,6456773,5/16/2019 6:24,80.63
10610,5788337,5/16/2019 12:18,12.14
10611,6723489,5/16/2019 18:12,18.14
10612,7834664,5/16/2019 22:05,50.04
10613,7834664,5/17/2019 1:11,524.13
10614,6456773,5/17/2019 1:31,89.72
10615,7378469,5/17/2019 14:58,524.98
10616,7378469,5/17/2019 18:09,553.66
10617,5788337,5/17/2019 20:08,196.91
10618,5788337,5/18/2019 0:02,28.67
10619,7378469,5/18/2019 17:20,144.53
10620,6456773,5/18/2019 18:12,48.36
10621,5788337,5/18/2019 19:59,168.06
10622,6456773,5/18/2019 23:21,153.6
10623,7378469,5/19/2019 5:47,244.26
10624,6723489,5/19/2019 11:24,56.6
10625,7834664,5/19/2019 14:06,37.18
10626,7834664,5/19/2019 14:15,101.58
10627,7834664,5/19/2019 15:11,20.27
10628,7378469,5/20/2019 11:10,5359.7
10629,7378469,5/20/2019 15:41,213.81
10630,6456773,5/20/2019 21:17,670.27
10631,5788337,5/21/2019 3:20,55.73
10632,6456773,5/21/2019 4:13,140.48
10633,6456773,5/21/2019 10:14,111.25
10634,6456773,5/21/2019 16:04,33.67
10635,6456773,5/22/2019 3:50,56.85
10636,6456773,5/22/2019 4:14,159.69
10637,6723489,5/22/2019 10:22,11.43
10638,6456773,5/22/2019 13:16,156.25
10639,7834664,5/22/2019 13:53,53.59
10640,5788337,5/22/2019 14:39,145.74
10641,7378469,5/22/2019 16:29,223.26
10642,6456773,5/22/2019 17:11,194.05
10643,6723489,5/22/2019 21:37,41.83
10644,6456773,5/23/2019 5:46,471.4
10645,7834664,5/23/2019 8:57,973.47
10646,6723489,5/23/2019 16:39,72.07
10647,6456773,5/23/2019 19:13,196.65
10648,7378469,5/23/2019 19:52,412.23
10649,6723489,5/24/2019 2:10,78.06
10650,6456773,5/24/2019 3:28,178.82
10651,5788337,5/24/2019 5:52,38.85
10652,6723489,5/24/2019 12:32,46.38
10653,6456773,5/24/2019 23:10,195.45
10654,6456773,5/24/2019 23:33,122.77
10655,7834664,5/25/2019 0:42,40.58
10656,6456773,5/25/2019 4:41,536.02
10657,7378469,5/25/2019 12:34,133.46
10658,6456773,5/25/2019 18:47,120.47
10659,6723489,5/25/2019 21:46,73.48
10660,7378469,5/26/2019 9:43,589.92
10661,6723489,5/26/2019 10:25,61.06
10662,6456773,5/26/2019 13:20,113.26
10663,7378469,5/26/2019 15:37,5720.86
10664,5788337,5/26/2019 19:34,12.43
10665,6456773,5/26/2019 22:56,766.55
10666,6723489,5/27/2019 14:39,30.05
10667,6456773,5/27/2019 16:40,635.49
10668,7834664,5/27/2019 17:31,928.81
10669,6456773,5/27/2019 17:46,191.86
10670,5788337,5/28/2019 8:23,35.58
10671,6456773,5/28/2019 10:39,104.95
10672,6723489,5/28/2019 16:20,87.19
10673,7834664,5/28/2019 20:14,75.02
10674,7834664,5/28/2019 23:06,863.49
10675,6456773,5/29/2019 21:33,748.8
10676,6723489,5/30/2019 2:54,28.3
10677,7834664,5/30/2019 3:09,46.59
10678,6723489,5/30/2019 3:46,78.82
10679,5788337,5/30/2019 4:27,562.41
10680,6456773,5/31/2019 0:41,19.09
10681,6723489,5/31/2019 2:11,17.88
10682,6456773,5/31/2019 15:45,40.55
10683,7378469,6/1/2019 16:33,211.17
10684,6456773,6/2/2019 3:56,47.17
10685,7834664,6/2/2019 6:11,39.75
10686,6456773,6/2/2019 7:44,477
10687,6723489,6/2/2019 10:29,93.98
10688,6456773,6/2/2019 13:06,87.34
10689,6456773,6/2/2019 22:53,770.29
10690,7378469,6/3/2019 1:24,204.53
10691,6456773,6/3/2019 7:09,756.86
10692,7834664,6/3/2019 9:07,51.69
10693,6456773,6/3/2019 21:46,101.55
10694,5788337,6/4/2019 3:50,50.18
10695,7378469,6/4/2019 3:56,349.36
10696,7378469,6/4/2019 7:59,216.76
10697,6456773,6/4/2019 23:43,163.63
10698,6723489,6/5/2019 6:11,90.05
10699,6723489,6/5/2019 7:56,23.07
10700,6456773,6/5/2019 19:44,144.59
10701,7834664,6/5/2019 20:48,52.26
10702,6456773,6/6/2019 5:17,752.44
10703,6456773,6/6/2019 7:10,96.52
10704,6456773,6/6/2019 21:15,42.57
10705,7378469,6/7/2019 0:25,171.84
10706,7378469,6/7/2019 3:45,181.13
10707,6723489,6/7/2019 7:35,99.79
10708,6456773,6/7/2019 17:16,796.86
10709,5788337,6/7/2019 22:39,59.37
10710,7834664,6/8/2019 5:32,98.8
10711,7378469,6/8/2019 7:37,4114.17
10712,6456773,6/8/2019 8:43,61.4
10713,6456773,6/8/2019 9:34,90.69
10714,7834664,6/8/2019 13:33,653.15
10715,7378469,6/8/2019 16:26,333.71
10716,7834664,6/9/2019 5:47,20.88
10717,7378469,6/9/2019 7:40,423.44
10718,6456773,6/9/2019 15:24,137.37
10719,7834664,6/9/2019 19:53,662.86
10720,7834664,6/9/2019 20:10,69.73
10721,6456773,6/10/2019 1:01,725.25
10722,6456773,6/10/2019 1:22,608.04
10723,7378469,6/10/2019 1:40,350.39
10724,6723489,6/10/2019 5:49,76.19
10725,6723489,6/10/2019 10:07,24.99
10726,6723489,6/10/2019 11:05,62.39
10727,6723489,6/10/2019 11:14,9.83
10728,5788337,6/10/2019 16:41,15.94
10729,7378469,6/11/2019 0:15,3944.68
10730,5788337,6/11/2019 3:24,33.71
10731,6723489,6/11/2019 7:29,69.12
10732,7834664,6/12/2019 0:25,21.85
10733,6456773,6/12/2019 3:43,19.37
10734,7378469,6/12/2019 18:54,4608.88
10735,7834664,6/12/2019 19:01,930.94
10736,6723489,6/12/2019 20:01,40.45
10737,7834664,6/12/2019 23:01,828.49
10738,7834664,6/13/2019 4:29,91.79
10739,6723489,6/13/2019 12:06,42.97
10740,6723489,6/13/2019 14:22,61.05
10741,6723489,6/13/2019 17:42,26.23
10742,7834664,6/13/2019 18:05,75.67
10743,6723489,6/14/2019 1:10,52.18
10744,6456773,6/14/2019 6:13,197.49
10745,5788337,6/14/2019 7:07,59.87
10746,6723489,6/14/2019 11:54,12.7
10747,6723489,6/14/2019 12:27,83.97
10748,6723489,6/14/2019 13:32,59.44
10749,6456773,6/15/2019 14:20,194.67
10750,5788337,6/15/2019 17:39,122.12
10751,5788337,6/15/2019 22:51,45.01
10752,5788337,6/16/2019 3:46,31.75
10753,7378469,6/16/2019 17:29,4846.43
10754,7834664,6/17/2019 0:09,760.67
10755,6456773,6/17/2019 2:40,26.08
10756,7834664,6/17/2019 7:37,27.04
10757,5788337,6/17/2019 12:53,37.83
10758,6456773,6/17/2019 17:10,675.66
10759,7378469,6/17/2019 21:20,405.98
10760,6456773,6/18/2019 0:32,186.19
10761,6456773,6/18/2019 2:41,134.38
10762,6456773,6/18/2019 13:20,143.08
10763,7378469,6/18/2019 19:51,380.81
10764,6456773,6/18/2019 22:58,28.19
10765,5788337,6/19/2019 13:17,178.99
10766,6456773,6/20/2019 1:00,144.42
10767,5788337,6/20/2019 1:49,78.76
10768,6456773,6/20/2019 5:13,70.91
10769,5788337,6/20/2019 14:02,146.87
10770,7378469,6/20/2019 14:52,148.75
10771,7378469,6/20/2019 16:13,587.75
10772,6456773,6/20/2019 20:29,490.48
10773,6456773,6/21/2019 7:55,486.74
10774,7378469,6/21/2019 8:24,4610.25
10775,6456773,6/21/2019 20:00,497.89
10776,7834664,6/21/2019 20:28,541.45
10777,5788337,6/22/2019 0:42,38.23
10778,6456773,6/22/2019 6:25,152
10779,7834664,6/22/2019 14:28,109.85
10780,6723489,6/22/2019 16:01,21.49
10781,7378469,6/22/2019 20:04,5131.07
10782,7378469,6/23/2019 2:54,5399.33
10783,6456773,6/23/2019 6:35,193.79
10784,7378469,6/23/2019 11:34,4104.08
10785,6456773,6/23/2019 14:33,40.86
10786,6723489,6/24/2019 19:55,74.22
10787,6456773,6/25/2019 5:58,189.82
10788,6456773,6/25/2019 14:12,151.29
10789,5788337,6/25/2019 17:15,50.33
10790,5788337,6/26/2019 0:06,51.89
10791,6456773,6/26/2019 3:23,113.06
10792,7378469,6/26/2019 6:26,208.65
10793,5788337,6/26/2019 6:30,57.08
10794,7834664,6/26/2019 13:02,28.13
10795,6723489,6/26/2019 13:23,69.26
10796,6723489,6/26/2019 21:05,47.29
10797,6456773,6/27/2019 1:45,87.27
10798,5788337,6/27/2019 8:51,53.17
10799,6456773,6/27/2019 9:52,518.46
10800,6456773,6/27/2019 17:03,543.84
10801,6456773,6/28/2019 4:49,187.75
10802,6456773,6/28/2019 6:21,193.93
10803,7834664,6/28/2019 18:10,90.95
10804,7834664,6/28/2019 23:53,22.12
10805,6456773,6/29/2019 2:26,145.42
10806,7378469,6/29/2019 12:53,281.71
10807,5788337,6/29/2019 14:57,4.48
10808,6723489,6/29/2019 16:09,33.97
10809,5788337,6/29/2019 21:51,50.1
10810,6723489,6/30/2019 12:15,39.02
10811,6456773,6/30/2019 13:29,101.79
10812,6456773,6/30/2019 13:41,499.21
10813,5788337,6/30/2019 21:00,463.52
10814,6456773,7/1/2019 3:16,582.2
10815,7834664,7/1/2019 11:14,4376.15
10816,6456773,4/15/2019 11:30,1264.03
10817,6456773,5/3/2019 11:42,1268.45
10818,6456773,7/1/2019 11:57,2529.73
10819,6456773,7/1/2019 11:58,2044.84
10820,6456773,7/1/2019 12:02,1238.17
10821,6456773,2/24/2019 12:14,1412.13
10822,6723489,7/1/2019 12:16,2795.91
10823,6456773,7/1/2019 12:27,1943.3
10824,6456773,7/1/2019 12:27,2833.34
10825,6456773,7/1/2019 12:32,2949.57
10826,7834664,7/1/2019 12:44,4922.55
10827,7834664,7/1/2019 13:18,6224.25
10828,6456773,7/1/2019 13:36,2439.37
10829,6456773,3/17/2019 13:39,2331.4
10830,6456773,7/1/2019 13:40,2916.65
10831,6723489,7/1/2019 13:44,4153.69
10832,6456773,7/1/2019 13:53,1938.98
10833,6456773,7/1/2019 13:56,2981.21
10834,6456773,7/1/2019 13:58,1886.52
10835,6456773,7/2/2019 1:55,25.07
10836,7378469,7/2/2019 6:59,123.67
10837,7834664,7/2/2019 17:18,689.65
10838,5788337,7/2/2019 19:59,28.69
10839,6456773,7/3/2019 5:24,21.96
10840,6456773,7/3/2019 8:04,191.71
10841,6456773,7/3/2019 8:47,57.9
10842,7378469,7/3/2019 15:12,269.7
10843,6456773,7/3/2019 21:01,124.26
10844,7378469,7/4/2019 2:24,547
10845,7378469,7/4/2019 10:29,272.89
10846,7834664,7/4/2019 10:33,21.6
10847,5788337,7/4/2019 14:00,3.08
10848,7378469,7/4/2019 14:21,285.32
10849,6456773,7/4/2019 20:14,190.87
10850,7834664,7/5/2019 2:40,98.43
10851,6456773,7/5/2019 2:50,158.46
10852,7834664,7/5/2019 5:50,116.83
10853,6456773,7/5/2019 9:38,94.1
10854,6456773,7/5/2019 16:14,708.46
10855,7378469,7/6/2019 12:14,392.67
10856,5788337,7/6/2019 14:32,52.43
10857,5788337,7/6/2019 19:32,42.11
10858,5788337,7/6/2019 22:52,737.48
10859,6456773,7/7/2019 2:02,77.94
10860,6456773,7/7/2019 3:05,190.51
10861,6456773,7/7/2019 14:34,489.9
10862,6723489,7/7/2019 21:47,35.72
10863,5788337,7/7/2019 22:07,32.63
10864,6456773,7/7/2019 23:39,475.54
10865,7378469,7/8/2019 3:49,5000.07
10866,6456773,7/8/2019 4:09,21.34
10867,7834664,7/8/2019 11:39,33.13
10868,6456773,7/8/2019 13:17,611.51
10869,6723489,7/8/2019 15:59,8.06
10870,7834664,7/9/2019 21:40,29.62
10871,6456773,7/10/2019 3:04,186.79
10872,6456773,7/10/2019 7:57,160.07
10873,6456773,7/10/2019 9:22,195.15
10874,7834664,7/11/2019 2:29,89.75
10875,6456773,7/11/2019 13:10,164.1
10876,7378469,7/12/2019 3:15,5444.55
10877,6456773,7/12/2019 14:56,188.77
10878,6723489,7/12/2019 20:30,90.22
10879,5788337,7/12/2019 21:15,128.92
10880,6456773,7/12/2019 23:07,182.93
10881,6456773,7/13/2019 6:39,163.1
10882,7834664,7/13/2019 18:55,84.94
10883,6456773,7/13/2019 20:35,51.25
10884,7834664,7/13/2019 21:53,93.28
10885,6456773,7/14/2019 2:38,94.87
10886,7834664,7/14/2019 5:43,38.55
10887,5788337,7/14/2019 9:18,59.55
10888,7378469,7/14/2019 16:33,134.02
10889,7834664,7/15/2019 1:53,92.09
10890,6723489,7/15/2019 7:08,79.23
10891,5788337,7/15/2019 10:23,94.23
10892,5788337,7/15/2019 12:54,57.46
10893,6723489,7/15/2019 14:24,458.58
10894,7834664,7/15/2019 21:10,46.78
10895,6456773,7/16/2019 7:39,781.66
10896,6456773,7/16/2019 8:31,53.42
10897,7378469,7/16/2019 9:37,137.16
10898,5788337,7/17/2019 2:19,456.76
10899,6456773,7/17/2019 4:10,666.33
10900,7378469,7/17/2019 14:35,477.55
10901,6723489,7/17/2019 16:58,83.14
10902,6723489,7/18/2019 12:22,768.2
10903,6723489,7/18/2019 19:23,49.9
10904,6723489,7/18/2019 21:29,35.34
10905,6456773,7/18/2019 22:33,93.4
10906,6723489,7/18/2019 22:36,98.55
10907,5788337,7/19/2019 15:29,183.19
10908,6723489,7/19/2019 15:42,37.16
10909,6723489,7/19/2019 21:59,75.97
10910,6456773,7/20/2019 15:38,776.72
10911,5788337,7/20/2019 18:35,53.28
10912,6456773,7/20/2019 19:47,39.21
10913,6456773,7/21/2019 1:23,157.8
10914,6723489,7/21/2019 5:04,34.85
10915,5788337,7/21/2019 8:11,25.81
10916,6723489,7/21/2019 10:12,10.78
10917,6456773,7/21/2019 14:39,645.15
10918,6456773,7/22/2019 4:48,177.8
10919,6456773,7/23/2019 0:49,82.93
10920,6456773,7/23/2019 2:50,488.22
10921,7378469,7/23/2019 5:45,331.57
10922,7834664,7/23/2019 15:25,72.86
10923,6456773,7/23/2019 19:17,101.49
10924,7834664,7/23/2019 19:42,64.06
10925,6456773,7/23/2019 22:30,174.62
10926,5788337,7/23/2019 23:09,121.57
10927,7378469,7/24/2019 1:12,542.38
10928,7834664,7/24/2019 3:13,66.1
10929,6723489,7/24/2019 7:43,67.75
10930,7378469,7/24/2019 12:31,123.17
10931,6723489,7/24/2019 14:09,42.57
10932,6723489,7/24/2019 21:35,87.74
10933,6723489,7/24/2019 23:39,91.89
10934,6723489,7/25/2019 2:58,15.03
10935,6723489,7/25/2019 4:27,94.72
10936,7834664,7/25/2019 19:40,38.11
10937,6723489,7/25/2019 22:12,35.79
10938,6723489,7/25/2019 22:12,15.02
10939,6456773,7/26/2019 2:42,172.77
10940,7378469,7/27/2019 0:59,200.84
10941,6456773,7/27/2019 5:46,194.17
10942,7834664,7/27/2019 12:13,75.51
10943,7834664,7/27/2019 16:27,51.66
10944,7378469,7/27/2019 17:24,420.3
10945,6723489,7/27/2019 18:57,80.76
10946,6456773,7/27/2019 20:51,41.13
10947,6456773,7/27/2019 21:35,131.22
10948,6723489,7/28/2019 18:18,7.22
10949,6723489,7/28/2019 18:58,27.93
10950,5788337,7/29/2019 1:31,86.44
10951,6456773,7/29/2019 8:49,479.8
10952,7378469,7/29/2019 11:11,328.8
10953,7378469,7/29/2019 13:24,459.69
10954,6456773,7/29/2019 14:57,693.24
10955,5788337,7/29/2019 20:59,131.68
10956,7378469,7/29/2019 22:16,2812.35
10957,6456773,7/29/2019 23:40,67.28
10958,7378469,7/30/2019 1:26,578.31
10959,6456773,7/30/2019 11:11,163.04
10960,6723489,7/30/2019 12:55,40.79
10961,5788337,7/31/2019 3:45,43.45
10962,7378469,7/31/2019 9:45,566.36
10963,6723489,7/31/2019 10:38,47.02
10964,5788337,7/31/2019 15:35,40.73
10965,6723489,8/1/2019 0:15,15.97
10966,6456773,8/1/2019 1:18,29.28
10967,7378469,8/1/2019 1:37,3311.03
10968,7834664,8/1/2019 6:37,68.88
10969,7378469,8/1/2019 7:23,346.76
10970,5788337,8/1/2019 10:18,158.31
10971,6456773,8/1/2019 15:20,61.53
10972,6456773,8/1/2019 19:51,78.58
10973,7378469,8/1/2019 20:19,489.13
10974,7834664,8/2/2019 9:52,108.58
10975,6456773,8/2/2019 10:15,30.99
10976,5788337,8/2/2019 15:10,27.16
10977,6456773,8/2/2019 16:03,28.9
10978,6723489,8/3/2019 6:26,81.56
10979,7378469,8/3/2019 13:49,305.23
10980,7378469,8/3/2019 14:10,384.36
10981,6456773,8/3/2019 20:44,67.75
10982,6723489,8/3/2019 23:43,56.51
10983,6456773,8/4/2019 10:45,790.83
10984,5788337,8/4/2019 19:41,13.74
10985,7378469,8/5/2019 8:13,288.1
10986,6456773,8/5/2019 8:51,81.01
10987,6456773,8/5/2019 13:14,177.01
10988,5788337,8/6/2019 2:52,32.9
10989,6456773,8/6/2019 3:18,669.86
10990,7834664,8/6/2019 4:01,23.41
10991,6456773,8/6/2019 6:15,694.12
10992,7378469,8/6/2019 10:27,418.14
10993,6456773,8/6/2019 14:37,777.38
10994,5788337,8/7/2019 10:04,2.64
10995,6723489,8/7/2019 18:22,41.3
10996,6723489,8/7/2019 22:49,70.3
10997,6456773,8/7/2019 23:33,92.21
10998,5788337,8/8/2019 8:53,104.57
10999,6723489,8/8/2019 11:33,67.92
11000,5788337,8/8/2019 23:26,168.45
11001,6456773,8/9/2019 0:02,103.52
11002,6456773,8/9/2019 18:03,24.76
11003,7834664,8/9/2019 23:35,97.78
11004,7378469,8/10/2019 0:05,251
11005,6456773,8/10/2019 0:25,116.6
11006,6723489,8/10/2019 4:08,89.01
11007,7834664,8/10/2019 18:22,849.27
11008,5788337,8/10/2019 18:48,3.07
11009,6723489,8/10/2019 20:21,85.83
11010,6723489,8/10/2019 22:53,82.04
11011,6456773,8/11/2019 2:14,162.26
11012,7834664,8/11/2019 3:53,28.05
11013,5788337,8/11/2019 11:53,49.18
11014,6456773,8/11/2019 15:30,157.07
11015,6456773,8/11/2019 23:16,507.79
11016,6723489,8/12/2019 4:38,12.61
11017,6456773,8/12/2019 6:01,628.97
11018,7378469,8/12/2019 10:56,491.94
11019,7378469,8/12/2019 14:45,478.55
11020,6456773,8/12/2019 22:25,91.5
11021,5788337,8/13/2019 5:38,38.09
11022,6723489,8/13/2019 19:48,65.99
11023,7834664,8/14/2019 1:41,119.58
11024,6723489,8/14/2019 3:53,710.46
11025,6456773,8/14/2019 4:49,512.1
11026,5788337,8/14/2019 16:58,22.16
11027,6723489,8/14/2019 17:56,68.82
11028,6456773,8/15/2019 2:08,157.3
11029,6456773,8/15/2019 4:05,111.98
11030,6456773,8/15/2019 6:10,112.01
11031,6723489,8/15/2019 6:25,69.97
11032,6456773,8/15/2019 16:24,104.18
11033,6456773,8/15/2019 17:25,78.73
11034,5788337,8/15/2019 20:23,17.55
11035,5788337,8/15/2019 21:40,6.89
11036,7834664,8/16/2019 7:16,862.25
11037,5788337,8/16/2019 9:36,4.67
11038,6456773,8/16/2019 10:39,25.56
11039,5788337,8/16/2019 12:17,39.91
11040,5788337,8/16/2019 14:30,32.93
11041,7378469,8/16/2019 23:59,364.92
11042,6456773,8/17/2019 6:13,682.91
11043,6723489,8/17/2019 17:26,48.68
11044,6723489,8/18/2019 9:43,94.05
11045,5788337,8/18/2019 11:08,47.81
11046,7378469,8/18/2019 11:18,3202.75
11047,7378469,8/19/2019 4:07,301.45
11048,6723489,8/19/2019 7:01,7.03
11049,6456773,8/19/2019 12:36,153.65
11050,7378469,8/19/2019 12:55,342.68
11051,7378469,8/19/2019 20:33,541.74
11052,6456773,8/19/2019 22:07,92.39
11053,7834664,8/20/2019 5:15,841.72
11054,6456773,8/20/2019 16:13,188.63
11055,6723489,8/20/2019 21:29,90.12
11056,6456773,8/20/2019 22:32,714.41
11057,6456773,8/21/2019 0:24,176.5
11058,5788337,8/21/2019 3:03,178.56
11059,6456773,8/21/2019 8:11,142.18
11060,6456773,8/21/2019 9:39,101.14
11061,7834664,8/21/2019 11:16,62.02
11062,7378469,8/21/2019 16:52,4568.75
11063,7834664,8/21/2019 17:43,85.04
11064,7378469,8/21/2019 22:05,387.23
11065,7378469,8/22/2019 2:52,4687.99
11066,5788337,8/22/2019 5:18,52.31
11067,6723489,8/22/2019 6:12,68.51
11068,6723489,8/22/2019 7:00,71.3
11069,7834664,8/22/2019 7:26,94.85
11070,6723489,8/23/2019 5:06,56.02
11071,6456773,8/23/2019 12:47,72.06
11072,5788337,8/23/2019 15:27,48.88
11073,7378469,8/23/2019 17:32,567.2
11074,6456773,8/23/2019 23:20,674.11
11075,6723489,8/24/2019 6:50,23.24
11076,5788337,8/24/2019 8:17,752.04
11077,6456773,8/25/2019 18:34,56.1
11078,7378469,8/26/2019 9:38,479.55
11079,6456773,8/26/2019 10:22,159.01
11080,6456773,8/26/2019 22:29,73.63
11081,7834664,8/27/2019 9:14,77.28
11082,7834664,8/28/2019 9:25,115.15
11083,7378469,8/28/2019 12:10,254.54
11084,6723489,8/28/2019 13:25,93.45
11085,5788337,8/28/2019 13:35,11.43
11086,6456773,8/28/2019 19:45,44.97
11087,6456773,8/28/2019 20:20,25.8
11088,6723489,8/28/2019 22:27,76.49
11089,6456773,8/29/2019 17:01,88.41
11090,5788337,8/29/2019 22:43,581.33
11091,6723489,8/29/2019 22:56,94.44
11092,6456773,8/30/2019 0:16,122.63
11093,6723489,8/30/2019 15:55,58.21
11094,6456773,8/30/2019 20:28,118.95
11095,6723489,8/30/2019 22:22,25.39
11096,7834664,8/30/2019 23:03,78.14
11097,6723489,8/31/2019 4:16,56.08
11098,5788337,8/31/2019 22:47,117.18
11099,6723489,8/31/2019 23:06,39.67
11100,7834664,9/1/2019 4:41,92.28
11101,7834664,9/1/2019 7:16,114.1
11102,7834664,9/1/2019 9:03,49.9
11103,7834664,9/1/2019 12:54,714.62
11104,5788337,9/1/2019 21:32,31.19
11105,6456773,9/1/2019 21:43,176.48
11106,6456773,9/1/2019 23:42,184.21
11107,5788337,9/2/2019 0:45,111.67
11108,7378469,9/2/2019 1:34,374.78
11109,6723489,9/2/2019 2:30,70.38
11110,7834664,9/2/2019 2:55,692.13
11111,5788337,9/2/2019 8:43,142.73
11112,7834664,9/2/2019 9:44,36.03
11113,7378469,9/3/2019 4:50,328.19
11114,5788337,9/3/2019 6:09,4.51
11115,7378469,9/3/2019 7:43,235.77
11116,7834664,9/3/2019 10:24,46.56
11117,7378469,9/3/2019 10:57,509.55
11118,6456773,9/3/2019 12:11,148.22
11119,5788337,9/3/2019 19:01,27.45
11120,6456773,9/4/2019 11:43,52.97
11121,5788337,9/4/2019 16:57,31.15
11122,5788337,9/5/2019 6:49,30.07
11123,6723489,9/5/2019 13:32,88.44
11124,7834664,9/5/2019 17:17,34.27
11125,6456773,9/5/2019 21:54,183.89
11126,6456773,9/6/2019 3:30,25.34
11127,7834664,9/6/2019 4:24,86
11128,5788337,9/6/2019 20:36,13.41
11129,6456773,9/7/2019 2:58,65.09
11130,5788337,9/7/2019 9:05,12.96
11131,6456773,9/7/2019 15:19,20.5
11132,6723489,9/7/2019 16:40,89.9
11133,7378469,9/7/2019 20:41,3938.54
11134,6723489,9/7/2019 22:18,15.92
11135,6456773,9/8/2019 0:43,190.02
11136,7834664,9/8/2019 1:36,42.45
11137,6723489,9/8/2019 4:06,88.1
11138,7378469,9/8/2019 6:41,565.7
11139,6456773,9/8/2019 11:31,491.8
11140,6723489,9/8/2019 14:01,62.99
11141,6723489,9/8/2019 17:55,78.24
11142,5788337,9/8/2019 18:29,57.04
11143,6723489,9/8/2019 23:34,88.9
11144,7834664,9/9/2019 3:13,52.17
11145,7834664,9/9/2019 4:16,61.36
11146,7834664,9/9/2019 11:18,59.35
11147,7378469,9/9/2019 11:49,272.71
11148,6456773,9/9/2019 12:06,653.16
11149,6456773,9/9/2019 12:20,185.03
11150,5788337,9/9/2019 14:24,100.19
11151,6723489,9/9/2019 18:53,27.31
11152,7378469,9/9/2019 20:17,549.11
11153,7834664,9/10/2019 14:31,51.08
11154,5788337,9/10/2019 15:21,44.25
11155,7834664,9/10/2019 19:11,646.27
11156,6456773,9/11/2019 2:08,463.46
11157,6456773,9/11/2019 8:21,715.72
11158,6723489,9/11/2019 23:22,48.8
11159,6456773,9/12/2019 7:18,730.96
11160,6456773,9/12/2019 10:38,71.89
