Timestamp,Cores_req,Memory_req,Application
1/7/2019 3:01,2,16,ECP
1/26/2019 17:00,2,16,ECP
1/27/2019 22:14,2,16,ECP
1/13/2019 5:48,2,32,ECP
1/22/2019 17:17,2,32,ECP
1/23/2019 16:57,2,32,ECP
1/18/2019 10:00,4,32,ECP
1/4/2019 2:17,4,32,ECP
1/4/2019 3:07,4,32,ECP
1/7/2019 3:51,4,32,ECP
1/22/2019 18:22,4,64,PMS
1/27/2019 1:34,4,64,ECP
1/13/2019 9:41,6,64,ECP
1/11/2019 8:41,6,64,ECP
1/12/2019 14:51,6,64,PMS
1/23/2019 13:29,6,64,ECP
1/25/2019 6:29,6,64,ECP
1/24/2019 6:08,6,64,PMS
1/22/2019 3:08,6,64,ECP
1/19/2019 0:40,6,64,PMS
1/7/2019 21:30,6,64,ECP
1/11/2019 4:13,6,64,PMS
1/10/2019 3:47,6,64,ECP
1/28/2019 7:50,6,64,ECP
1/6/2019 13:05,8,96,ECP
1/13/2019 16:54,8,96,PMS
1/7/2019 1:03,8,96,PMS
1/4/2019 13:29,8,96,ECP
1/4/2019 17:07,8,96,PMS
1/20/2019 9:47,8,96,ECP
1/2/2019 15:41,8,96,PMS
1/20/2019 23:05,8,96,PMS
1/12/2019 4:56,8,96,PMS
1/26/2019 13:39,8,96,ECP
1/28/2019 8:14,8,96,ECP
1/16/2019 21:23,8,96,ECP
1/14/2019 7:17,8,96,ECP
1/29/2019 11:37,8,96,ECP
1/8/2019 7:07,8,96,ECP
1/12/2019 9:42,8,96,ECP
1/4/2019 12:52,8,96,ECP
1/28/2019 2:51,8,96,ECP
1/15/2019 0:17,8,96,PMS
1/17/2019 8:39,8,96,ECP
1/14/2019 7:18,8,96,PMS
1/4/2019 1:03,8,96,ECP
1/10/2019 18:20,8,96,ECP
1/26/2019 12:08,8,128,ECP
1/3/2019 8:25,8,128,ECP
1/3/2019 6:50,12,128,PMS
1/23/2019 4:50,12,128,PMS
1/21/2019 21:23,12,128,ECP
1/22/2019 13:59,12,128,PMS
1/29/2019 6:14,12,128,PMS
1/26/2019 14:20,12,128,ECP
1/6/2019 2:48,12,128,PMS
1/3/2019 20:22,12,128,ECP
1/28/2019 16:18,12,128,ECP
1/20/2019 3:31,12,128,ECP
1/29/2019 6:40,12,128,ECP
1/30/2019 17:21,12,128,PMS
1/6/2019 0:34,12,128,PMS
1/9/2019 0:17,12,128,ECP
1/8/2019 2:44,12,128,PMS
1/8/2019 11:23,12,128,PMS
1/7/2019 2:24,12,128,ECP
1/10/2019 15:52,12,128,PMS
1/22/2019 20:10,12,128,PMS
1/12/2019 12:44,12,128,ECP
1/24/2019 0:40,12,128,PMS
1/18/2019 17:54,12,128,PMS
1/1/2019 21:27,16,128,PMS
1/8/2019 10:09,16,128,PMS
1/25/2019 20:49,16,128,ECP
1/12/2019 2:01,16,128,PMS
1/7/2019 17:58,16,128,PMS
1/24/2019 20:11,16,128,PMS
1/20/2019 21:49,16,128,PMS
1/25/2019 23:19,16,128,PMS
1/12/2019 10:52,16,128,PMS
1/29/2019 2:30,16,128,PMS
1/15/2019 2:05,16,128,PMS
1/14/2019 15:04,16,128,PMS
1/22/2019 5:44,16,128,PMS
1/27/2019 14:00,16,128,PMS
1/10/2019 17:23,16,128,ECP
1/12/2019 22:59,16,128,ECP
1/6/2019 7:12,16,128,PMS
1/23/2019 13:14,16,128,PMS
1/24/2019 18:42,16,128,PMS
1/9/2019 14:15,16,128,PMS
1/21/2019 14:33,16,128,PMS
1/8/2019 4:40,16,128,PMS
1/23/2019 8:04,16,128,PMS
1/26/2019 9:51,16,128,PMS
1/7/2019 11:05,16,128,PMS
1/29/2019 0:02,16,128,PMS
1/6/2019 0:16,16,128,PMS
1/15/2019 11:11,16,128,PMS
1/20/2019 9:11,16,128,PMS
1/10/2019 0:57,16,128,PMS
1/21/2019 20:56,16,128,PMS
1/1/2019 11:39,16,128,PMS
1/26/2019 9:46,16,128,PMS
1/29/2019 23:57,16,128,PMS
1/14/2019 15:58,16,128,PMS
1/23/2019 4:50,16,160,ECP
1/14/2019 9:57,16,160,PMS
1/6/2019 7:15,16,160,PMS
1/17/2019 7:38,16,160,PMS
1/19/2019 10:26,16,160,PMS
1/25/2019 14:28,16,160,PMS
1/6/2019 18:56,16,160,PMS
1/7/2019 20:49,16,160,PMS
1/1/2019 19:09,16,160,ECP
1/7/2019 1:50,16,160,PMS
1/5/2019 13:39,16,160,PMS
1/7/2019 16:48,16,160,PMS
1/18/2019 15:26,16,160,PMS
1/20/2019 13:14,16,160,MLQ
1/15/2019 8:52,16,160,PMS
1/17/2019 6:52,16,160,PMS
1/28/2019 2:20,16,160,PMS
1/25/2019 11:33,16,160,PMS
1/20/2019 10:20,16,160,PMS
1/12/2019 1:14,16,160,PMS
1/24/2019 6:54,16,160,PMS
1/24/2019 2:14,16,160,PMS
1/14/2019 5:09,16,160,PMS
1/24/2019 17:39,16,160,PMS
1/10/2019 4:24,16,160,PMS
1/21/2019 12:55,16,160,PMS
1/17/2019 12:01,16,160,PMS
1/30/2019 6:25,16,160,PMS
1/17/2019 11:29,16,160,PMS
1/21/2019 20:08,16,160,PMS
1/23/2019 7:22,16,160,PMS
1/5/2019 19:22,16,160,PMS
1/17/2019 23:29,16,160,PMS
1/27/2019 0:15,16,160,PMS
1/3/2019 8:34,20,160,PMS
1/30/2019 16:10,20,160,PMS
1/19/2019 2:57,20,160,PMS
1/25/2019 3:00,20,160,PMS
1/12/2019 0:03,20,160,PMS
1/12/2019 10:29,20,160,PMS
1/4/2019 15:09,20,160,PMS
1/16/2019 17:29,20,160,PMS
1/17/2019 12:49,20,160,PMS
1/16/2019 20:58,20,160,PMS
1/2/2019 1:30,20,160,PMS
1/29/2019 11:21,20,160,PMS
1/21/2019 14:10,20,160,PMS
1/1/2019 9:48,20,160,PMS
1/6/2019 22:02,20,160,PMS
1/6/2019 6:32,20,160,PMS
1/19/2019 3:45,20,160,PMS
1/30/2019 12:02,20,160,PMS
1/29/2019 7:27,20,160,PMS
1/4/2019 19:54,20,160,PMS
1/16/2019 3:56,20,160,PMS
1/29/2019 0:02,20,160,PMS
1/20/2019 15:19,20,160,PMS
1/30/2019 0:55,20,160,PMS
1/4/2019 18:48,20,160,PMS
1/28/2019 17:29,20,160,PMS
1/7/2019 18:30,20,160,PMS
1/9/2019 3:56,20,160,PMS
1/27/2019 0:39,20,160,PMS
1/16/2019 16:36,20,160,PMS
1/23/2019 4:34,20,160,PMS
1/24/2019 9:33,20,160,PMS
1/27/2019 20:27,20,160,PMS
1/27/2019 5:16,20,160,PMS
1/25/2019 12:04,20,160,PMS
1/9/2019 11:11,20,160,PMS
1/27/2019 0:39,20,160,PMS
1/25/2019 16:50,20,160,PMS
1/10/2019 20:08,20,160,PMS
1/2/2019 12:59,20,160,PMS
1/29/2019 13:32,24,160,PMS
1/14/2019 6:12,24,160,PMS
1/10/2019 16:59,24,160,PMS
1/22/2019 1:40,24,160,PMS
1/11/2019 3:55,24,160,PMS
1/19/2019 17:42,24,160,PMS
1/8/2019 5:06,24,160,PMS
1/18/2019 9:48,24,160,PMS
1/24/2019 21:29,24,160,PMS
1/19/2019 15:26,24,160,PMS
1/8/2019 23:06,24,160,PMS
1/25/2019 3:45,24,160,PMS
1/10/2019 17:29,24,160,PMS
1/15/2019 11:25,24,160,PMS
1/19/2019 14:48,24,160,PMS
1/9/2019 2:28,24,160,PMS
1/28/2019 5:31,24,160,PMS
1/21/2019 4:43,24,160,PMS
1/15/2019 4:45,24,160,PMS
1/29/2019 12:04,24,160,PMS
1/13/2019 18:17,24,160,MLQ
1/18/2019 19:25,24,160,MLQ
1/14/2019 4:20,24,160,PMS
1/23/2019 16:42,24,160,PMS
1/13/2019 1:05,24,160,PMS
1/6/2019 6:54,24,160,PMS
1/17/2019 11:42,24,160,PMS
1/14/2019 16:07,24,160,PMS
1/3/2019 19:21,24,160,PMS
1/6/2019 23:45,24,160,PMS
1/18/2019 16:49,24,160,PMS
1/29/2019 13:44,24,160,PMS
1/11/2019 17:31,24,160,PMS
1/27/2019 9:26,24,160,PMS
1/3/2019 4:03,24,160,PMS
1/26/2019 14:27,24,160,PMS
1/26/2019 21:46,24,160,PMS
1/22/2019 9:28,24,160,PMS
1/26/2019 2:07,24,160,PMS
1/27/2019 18:07,24,160,PMS
1/17/2019 10:19,24,160,PMS
1/6/2019 7:43,24,160,PMS
1/26/2019 19:55,24,160,PMS
1/15/2019 6:52,24,160,PMS
1/13/2019 8:35,24,160,PMS
1/16/2019 6:50,24,160,PMS
1/19/2019 22:03,24,160,PMS
1/12/2019 23:08,24,160,PMS
1/20/2019 17:18,24,160,PMS
1/9/2019 8:28,24,160,PMS
1/23/2019 21:52,24,160,PMS
1/3/2019 12:55,24,160,PMS
1/15/2019 16:58,24,160,PMS
1/20/2019 23:02,24,160,PMS
1/11/2019 21:41,24,160,PMS
1/19/2019 19:03,24,160,PMS
1/12/2019 19:20,24,160,PMS
1/27/2019 18:38,24,160,PMS
1/30/2019 17:20,24,160,PMS
1/4/2019 5:23,24,160,PMS
1/26/2019 14:19,24,160,PMS
1/25/2019 16:37,24,160,PMS
1/28/2019 22:02,24,160,PMS
1/13/2019 9:37,24,160,PMS
1/4/2019 6:09,24,160,PMS
1/9/2019 18:43,24,256,PMS
1/7/2019 0:54,24,256,PMS
1/1/2019 0:23,24,256,PMS
1/21/2019 9:00,24,256,PMS
1/19/2019 15:45,24,256,PMS
1/5/2019 23:59,24,256,PMS
1/5/2019 11:57,24,256,PMS
1/21/2019 13:15,24,256,PMS
1/2/2019 7:09,24,256,PMS
1/9/2019 7:27,24,256,PMS
1/3/2019 6:09,24,256,PMS
1/21/2019 0:08,24,256,PMS
1/13/2019 3:52,24,256,PMS
1/16/2019 14:49,24,256,PMS
1/20/2019 2:05,24,256,PMS
1/19/2019 15:22,24,256,PMS
1/1/2019 13:21,24,256,PMS
1/8/2019 0:00,24,256,PMS
1/14/2019 15:00,24,256,PMS
1/18/2019 9:41,24,256,PMS
1/24/2019 15:39,24,256,PMS
1/13/2019 7:25,24,256,PMS
1/23/2019 9:56,24,256,PMS
1/3/2019 6:02,24,256,PMS
1/5/2019 6:14,24,256,PMS
1/5/2019 21:19,24,256,PMS
1/28/2019 16:46,24,256,PMS
1/6/2019 15:15,24,256,PMS
1/29/2019 16:30,24,256,PMS
1/16/2019 16:52,24,256,PMS
1/29/2019 15:37,24,256,PMS
1/8/2019 20:53,24,256,PMS
1/25/2019 12:02,24,256,PMS
1/14/2019 16:24,24,256,PMS
1/24/2019 14:05,24,256,PMS
1/19/2019 10:46,24,256,PMS
1/30/2019 4:34,24,256,PMS
1/5/2019 22:38,24,256,PMS
1/3/2019 11:01,24,256,PMS
1/11/2019 7:02,24,256,PMS
1/19/2019 17:41,24,256,PMS
1/2/2019 0:20,24,256,PMS
1/2/2019 19:14,24,256,PMS
1/6/2019 18:07,24,256,PMS
1/13/2019 22:38,24,256,PMS
1/17/2019 15:11,24,256,PMS
1/19/2019 10:40,24,256,PMS
1/13/2019 9:19,24,256,PMS
1/7/2019 11:06,24,256,PMS
1/4/2019 3:02,24,256,PMS
1/21/2019 22:26,24,256,PMS
1/10/2019 13:07,24,256,PMS
1/13/2019 3:14,24,256,PMS
1/22/2019 10:19,24,256,PMS
1/26/2019 20:19,28,256,PMS
1/23/2019 13:37,28,256,PMS
1/14/2019 16:29,28,256,PMS
1/7/2019 7:34,28,256,PMS
1/11/2019 21:16,28,256,PMS
1/7/2019 10:13,28,256,PMS
1/23/2019 2:36,28,256,PMS
1/11/2019 7:37,28,256,PMS
1/12/2019 1:25,28,256,PMS
1/6/2019 14:53,28,256,PMS
1/14/2019 14:37,28,256,PMS
1/10/2019 22:19,28,256,PMS
1/10/2019 14:28,28,256,PMS
1/17/2019 9:40,28,256,PMS
1/23/2019 22:53,28,256,PMS
1/30/2019 3:00,28,256,PMS
1/2/2019 23:46,28,256,PMS
1/21/2019 0:30,28,256,PMS
1/12/2019 6:45,28,256,PMS
1/7/2019 2:01,28,256,PMS
1/18/2019 20:26,28,256,PMS
1/29/2019 14:59,28,256,PMS
1/8/2019 18:26,28,256,PMS
1/13/2019 12:32,28,256,PMS
1/8/2019 4:55,28,256,PMS
1/16/2019 8:19,28,256,PMS
1/12/2019 22:52,28,256,PMS
1/15/2019 13:59,28,256,PMS
1/17/2019 0:09,28,256,PMS
1/27/2019 1:32,28,256,PMS
1/25/2019 4:43,28,256,PMS
1/5/2019 1:34,28,256,PMS
1/9/2019 0:10,28,256,PMS
1/1/2019 4:06,28,256,PMS
1/28/2019 22:37,28,256,PMS
1/15/2019 3:54,28,256,PMS
1/4/2019 14:44,28,256,PMS
1/18/2019 14:19,28,256,PMS
1/18/2019 9:10,28,256,PMS
1/9/2019 18:47,28,256,PMS
1/19/2019 15:14,28,256,PMS
1/14/2019 15:07,28,256,PMS
1/2/2019 2:47,28,256,PMS
1/7/2019 22:00,28,256,PMS
1/30/2019 19:15,28,256,PMS
1/25/2019 14:37,28,256,PMS
1/23/2019 8:50,32,256,PMS
1/18/2019 17:32,32,256,PMS
1/16/2019 9:56,32,256,PMS
1/6/2019 4:01,32,256,PMS
1/13/2019 23:43,32,256,PMS
1/10/2019 12:12,32,256,PMS
1/26/2019 3:24,32,256,PMS
1/10/2019 9:42,32,256,PMS
1/1/2019 7:13,32,256,PMS
1/4/2019 23:15,32,256,PMS
1/4/2019 14:05,32,256,PMS
1/22/2019 2:53,32,256,PMS
1/6/2019 23:08,32,256,PMS
1/25/2019 3:27,32,256,PMS
1/21/2019 16:32,32,256,PMS
1/11/2019 14:50,32,256,PMS
1/8/2019 22:26,32,256,PMS
1/2/2019 16:23,32,256,PMS
1/10/2019 10:10,32,256,PMS
1/1/2019 3:10,32,256,PMS
1/23/2019 12:04,32,256,PMS
1/25/2019 14:36,32,256,PMS
1/11/2019 13:26,32,256,PMS
1/28/2019 23:20,32,256,PMS
1/28/2019 22:00,32,256,PMS
1/26/2019 16:59,32,256,PMS
1/23/2019 23:49,32,256,PMS
1/20/2019 13:09,32,256,PMS
1/14/2019 8:51,32,256,PMS
1/28/2019 19:27,32,256,PMS
1/29/2019 4:55,32,256,PMS
1/27/2019 4:54,32,256,PMS
1/1/2019 22:54,32,256,PMS
1/6/2019 21:49,32,256,PMS
1/5/2019 15:34,32,256,PMS
1/27/2019 6:08,32,256,PMS
1/25/2019 0:11,32,256,PMS
1/27/2019 18:43,32,256,PMS
1/3/2019 2:17,32,256,PMS
1/18/2019 8:06,32,256,PMS
1/27/2019 2:16,32,256,PMS
1/24/2019 3:41,32,256,PMS
1/3/2019 2:10,32,256,PMS
1/7/2019 11:04,32,256,PMS
1/1/2019 6:13,32,256,PMS
1/26/2019 0:50,32,256,PMS
1/7/2019 11:29,32,256,PMS
1/9/2019 17:56,32,256,PMS
1/24/2019 10:44,32,256,PMS
1/21/2019 8:54,32,256,PMS
1/6/2019 14:44,32,256,PMS
1/28/2019 15:23,32,256,PMS
1/27/2019 6:59,32,256,PMS
1/18/2019 22:26,32,256,PMS
1/16/2019 11:05,32,256,PMS
1/8/2019 4:07,32,256,PMS
1/6/2019 8:17,32,256,PMS
1/15/2019 16:05,32,256,PMS
1/10/2019 5:35,32,256,PMS
1/6/2019 12:46,32,256,PMS
1/15/2019 19:07,32,256,PMS
1/16/2019 13:30,32,256,PMS
1/27/2019 16:23,32,256,PMS
1/17/2019 19:18,32,256,PMS
1/10/2019 11:05,32,256,PMS
1/1/2019 13:34,32,256,PMS
1/1/2019 17:35,32,256,PMS
1/5/2019 12:59,32,256,PMS
1/13/2019 18:41,32,256,PMS
1/28/2019 5:03,32,256,PMS
1/12/2019 21:52,32,256,PMS
1/27/2019 16:38,32,256,PMS
1/18/2019 5:29,32,256,PMS
1/6/2019 18:23,32,256,PMS
1/20/2019 17:59,32,256,PMS
1/2/2019 13:43,32,256,PMS
1/9/2019 23:55,32,256,PMS
1/24/2019 22:22,32,256,PMS
1/15/2019 6:01,32,256,PMS
1/1/2019 12:16,32,256,PMS
1/1/2019 7:42,32,256,PMS
1/13/2019 20:56,32,256,PMS
1/29/2019 8:11,32,256,PMS
1/19/2019 16:17,32,256,PMS
1/26/2019 17:07,32,256,PMS
1/25/2019 11:41,32,256,PMS
1/18/2019 3:41,32,256,PMS
1/1/2019 13:46,32,256,PMS
1/13/2019 10:02,32,256,PMS
1/30/2019 6:49,32,256,PMS
1/3/2019 3:29,32,256,PMS
1/15/2019 7:48,32,256,PMS
1/12/2019 4:25,32,256,PMS
1/24/2019 4:57,32,256,PMS
1/27/2019 6:48,32,256,PMS
1/10/2019 22:31,32,256,PMS
1/20/2019 13:30,32,256,PMS
1/6/2019 18:44,32,256,PMS
1/28/2019 18:19,32,256,PMS
1/17/2019 19:16,32,256,PMS
1/29/2019 18:00,32,256,PMS
1/28/2019 14:46,32,256,PMS
1/2/2019 9:25,32,256,PMS
1/26/2019 2:14,32,256,PMS
1/18/2019 18:45,32,256,PMS
1/6/2019 5:12,32,256,PMS
1/3/2019 18:39,32,256,PMS
1/3/2019 21:49,32,256,PMS
1/14/2019 15:48,32,256,PMS
1/2/2019 1:26,32,256,PMS
1/25/2019 4:57,32,256,PMS
1/12/2019 13:48,32,256,PMS
1/13/2019 11:42,32,256,PMS
1/10/2019 0:25,32,256,PMS
1/20/2019 15:49,32,256,PMS
1/18/2019 16:17,32,256,PMS
1/20/2019 7:30,32,256,PMS
1/1/2019 17:02,32,256,PMS
1/12/2019 5:05,32,256,PMS
1/15/2019 18:19,32,256,PMS
1/21/2019 18:36,32,256,PMS
1/16/2019 22:49,32,256,PMS
1/11/2019 9:04,32,256,PMS
1/18/2019 12:30,32,256,PMS
1/29/2019 12:16,32,256,PMS
1/19/2019 15:38,32,256,PMS
1/14/2019 6:03,32,256,PMS
1/18/2019 10:38,32,256,PMS
1/30/2019 11:11,32,256,PMS
1/3/2019 7:10,32,256,PMS
1/17/2019 19:14,32,256,PMS
1/2/2019 6:32,32,256,PMS
1/18/2019 16:57,32,256,PMS
1/24/2019 7:47,32,256,PMS
1/17/2019 10:16,32,256,PMS
1/9/2019 7:23,32,256,PMS
1/28/2019 14:23,32,256,PMS
1/18/2019 11:44,32,256,PMS
1/24/2019 5:54,32,256,PMS
1/3/2019 20:50,32,256,PMS
1/17/2019 13:49,32,256,PMS
1/10/2019 16:53,32,256,PMS
1/8/2019 16:37,32,256,PMS
1/24/2019 15:12,32,512,PMS
1/17/2019 16:46,32,512,PMS
1/12/2019 13:38,32,512,PMS
1/7/2019 5:16,32,512,PMS
1/30/2019 11:14,32,512,PMS
1/2/2019 18:24,32,512,PMS
1/16/2019 17:11,32,512,PMS
1/15/2019 18:47,32,512,PMS
1/3/2019 9:45,32,512,PMS
1/20/2019 7:21,32,512,PMS
1/12/2019 13:23,32,512,PMS
1/24/2019 14:48,32,512,PMS
1/9/2019 20:35,32,512,PMS
1/21/2019 10:36,32,512,PMS
1/5/2019 19:44,32,512,PMS
1/3/2019 3:28,32,512,PMS
1/27/2019 4:43,32,512,PMS
1/25/2019 17:40,32,512,PMS
1/11/2019 13:11,32,512,PMS
1/19/2019 18:13,32,512,PMS
1/17/2019 14:46,32,512,PMS
1/3/2019 17:29,32,512,PMS
1/5/2019 1:48,32,512,PMS
1/23/2019 19:59,32,512,PMS
1/11/2019 8:04,32,512,PMS
1/22/2019 4:01,32,512,PMS
1/12/2019 8:12,32,512,PMS
1/26/2019 23:59,32,512,PMS
1/9/2019 19:38,32,512,PMS
1/16/2019 23:21,32,512,PMS
1/1/2019 1:37,32,512,PMS
1/15/2019 18:03,32,512,PMS
1/27/2019 4:15,32,512,PMS
1/16/2019 2:16,32,512,PMS
1/10/2019 12:00,32,512,PMS
1/11/2019 5:19,32,512,PMS
1/1/2019 10:10,32,512,PMS
1/16/2019 16:58,32,512,PMS
1/7/2019 12:20,32,512,PMS
1/3/2019 15:29,32,512,PMS
1/2/2019 17:26,32,512,PMS
1/23/2019 5:43,32,512,PMS
1/21/2019 19:33,32,512,PMS
1/12/2019 21:57,32,512,PMS
1/15/2019 8:26,32,512,PMS
1/21/2019 0:50,32,512,PMS
1/10/2019 8:52,32,512,PMS
1/26/2019 11:57,32,512,PMS
1/24/2019 16:20,32,512,PMS
1/20/2019 17:53,32,512,PMS
1/12/2019 21:57,32,512,PMS
1/20/2019 21:28,32,512,PMS
1/30/2019 18:02,32,512,PMS
1/10/2019 21:52,32,512,PMS
1/27/2019 6:18,32,512,PMS
1/13/2019 6:48,32,512,PMS
1/17/2019 15:42,32,512,PMS
1/23/2019 3:27,32,512,PMS
1/12/2019 7:17,32,512,PMS
1/12/2019 13:48,32,512,PMS
1/11/2019 14:21,32,512,PMS
1/7/2019 8:55,32,512,PMS
1/13/2019 11:10,32,512,PMS
1/6/2019 15:56,32,512,PMS
1/1/2019 4:36,32,512,PMS
1/8/2019 22:04,32,512,PMS
1/24/2019 14:42,32,512,PMS
1/28/2019 13:22,32,512,PMS
1/16/2019 11:53,32,512,PMS
1/27/2019 8:18,32,512,PMS
1/11/2019 18:17,32,512,PMS
1/2/2019 7:24,32,512,PMS
1/8/2019 19:58,32,512,PMS
1/23/2019 13:13,32,512,PMS
1/22/2019 8:07,64,512,PMS
1/19/2019 0:17,64,512,PMS
1/13/2019 11:01,64,512,PMS
1/8/2019 14:48,64,512,PMS
1/19/2019 21:09,64,512,PMS
1/17/2019 5:22,64,512,PMS
1/27/2019 4:44,64,512,PMS
1/20/2019 18:03,64,512,PMS
1/2/2019 7:19,64,512,PMS
1/28/2019 20:58,64,512,PMS
1/2/2019 10:43,64,512,PMS
1/16/2019 1:40,64,512,PMS
1/14/2019 16:48,64,512,PMS
1/24/2019 14:46,64,512,PMS
1/14/2019 15:51,64,512,PMS
1/21/2019 17:47,64,512,PMS
1/3/2019 10:36,64,512,PMS
1/26/2019 2:09,64,512,PMS
1/3/2019 22:05,64,512,PMS
1/30/2019 6:21,64,512,PMS
1/23/2019 12:04,64,512,MLQ
1/1/2019 21:03,64,512,MLQ
1/20/2019 2:23,64,512,PMS
1/16/2019 4:45,64,512,PMS
1/30/2019 22:41,64,512,PMS
1/5/2019 0:41,64,512,MLQ
1/1/2019 11:09,64,512,PMS
1/22/2019 8:25,64,512,MLQ
1/12/2019 10:56,64,512,PMS
1/27/2019 1:34,64,512,PMS
1/22/2019 20:11,64,512,PMS
1/27/2019 4:53,64,512,PMS
1/8/2019 2:37,64,512,PMS
1/18/2019 15:09,64,512,PMS
1/16/2019 23:50,64,512,PMS
1/20/2019 8:30,64,512,PMS
1/20/2019 19:45,64,512,PMS
1/4/2019 3:49,64,512,PMS
1/1/2019 17:28,64,512,PMS
1/28/2019 20:39,64,512,MLQ
1/17/2019 14:55,64,512,MLQ
1/9/2019 14:52,64,512,MLQ
1/1/2019 0:21,64,512,MLQ
1/17/2019 9:22,64,512,MLQ
1/26/2019 12:16,64,512,PMS
1/14/2019 1:30,64,512,PMS
1/18/2019 16:55,64,512,MLQ
1/15/2019 10:32,64,512,PMS
1/15/2019 6:32,64,512,MLQ
1/3/2019 21:41,64,512,PMS
1/25/2019 17:17,64,512,PMS
1/11/2019 22:37,64,512,PMS
1/17/2019 2:12,64,512,PMS
1/24/2019 11:19,64,512,PMS
1/15/2019 20:39,64,512,PMS
1/3/2019 15:22,64,512,PMS
1/3/2019 10:08,64,512,PMS
1/20/2019 23:42,64,512,PMS
1/9/2019 16:02,64,512,PMS
1/30/2019 18:19,64,512,PMS
1/6/2019 17:04,64,512,MLQ
1/4/2019 12:36,64,512,MLQ
1/15/2019 11:36,64,512,MLQ
1/20/2019 17:06,64,512,PMS
1/9/2019 13:09,64,512,PMS
1/6/2019 2:55,64,512,MLQ
1/14/2019 1:45,64,512,MLQ
1/3/2019 19:54,64,512,MLQ
1/1/2019 0:15,64,512,MLQ
1/12/2019 18:38,64,512,MLQ
1/15/2019 19:04,64,512,MLQ
1/29/2019 2:41,64,512,MLQ
1/12/2019 6:12,64,512,MLQ
1/1/2019 14:33,64,512,MLQ
1/13/2019 9:07,64,512,MLQ
1/24/2019 20:21,64,512,MLQ
1/28/2019 21:53,64,512,MLQ
1/11/2019 10:53,64,512,MLQ
1/9/2019 22:02,64,512,PMS
1/8/2019 3:40,64,512,PMS
1/20/2019 14:09,64,512,PMS
1/18/2019 7:35,64,512,MLQ
1/24/2019 20:18,64,512,MLQ
1/3/2019 19:13,64,512,MLQ
1/5/2019 23:42,64,512,MLQ
1/24/2019 14:25,64,512,MLQ
1/12/2019 23:48,64,512,MLQ
1/14/2019 1:48,64,512,MLQ
1/13/2019 0:10,64,512,MLQ
1/17/2019 10:35,64,512,MLQ
1/2/2019 2:42,64,512,MLQ
1/3/2019 0:55,64,512,MLQ
1/13/2019 10:28,64,512,MLQ
1/25/2019 15:37,64,512,PMS
1/17/2019 19:12,64,512,PMS
1/6/2019 1:53,64,512,MLQ
1/3/2019 18:45,64,512,MLQ
1/23/2019 15:34,64,512,PMS
1/5/2019 20:59,64,512,PMS
1/28/2019 18:59,64,512,PMS
1/1/2019 21:33,64,512,MLQ
1/19/2019 20:54,64,512,MLQ
1/6/2019 0:17,64,512,MLQ
1/20/2019 3:57,64,512,MLQ
1/13/2019 17:02,64,512,PMS
1/25/2019 16:13,64,512,PMS
1/16/2019 10:20,64,512,MLQ
1/22/2019 18:38,64,512,MLQ
1/26/2019 21:18,64,512,MLQ
1/21/2019 6:45,64,512,MLQ
1/14/2019 7:48,64,512,MLQ
1/7/2019 23:37,64,512,MLQ
1/2/2019 17:21,64,512,MLQ
1/17/2019 16:05,64,512,MLQ
1/4/2019 4:00,64,512,MLQ
1/16/2019 21:34,64,512,MLQ
1/5/2019 1:33,64,512,MLQ
1/18/2019 19:34,64,512,MLQ
1/27/2019 13:48,64,512,MLQ
1/16/2019 5:10,64,512,MLQ
1/27/2019 1:08,64,512,MLQ
1/8/2019 21:42,64,512,MLQ
1/12/2019 1:02,64,512,MLQ
1/18/2019 14:17,64,512,MLQ
1/16/2019 5:47,64,512,MLQ
1/22/2019 2:58,64,512,MLQ
1/27/2019 18:22,64,512,MLQ
1/2/2019 9:37,64,512,MLQ
1/8/2019 15:48,64,512,MLQ
1/15/2019 13:21,64,512,MLQ
1/25/2019 17:20,64,512,MLQ
1/21/2019 7:09,64,512,MLQ
1/17/2019 7:00,64,512,MLQ
1/14/2019 5:43,64,512,MLQ
1/4/2019 4:21,64,512,MLQ
1/11/2019 11:45,64,512,MLQ
1/29/2019 7:44,64,512,MLQ
1/9/2019 20:15,64,512,MLQ
1/26/2019 16:31,64,512,MLQ
1/17/2019 15:24,64,512,MLQ
1/21/2019 1:41,64,512,MLQ
1/8/2019 4:40,64,512,MLQ
1/16/2019 10:54,64,512,MLQ
1/14/2019 6:21,64,512,MLQ
1/22/2019 5:53,64,512,PMS
1/23/2019 9:36,64,512,PMS
1/23/2019 18:21,64,512,MLQ
1/14/2019 13:23,64,512,MLQ
1/17/2019 12:13,64,512,MLQ
1/17/2019 7:50,64,512,PMS
1/20/2019 16:07,64,512,MLQ
1/3/2019 13:36,64,512,PMS
1/4/2019 17:10,64,512,MLQ
1/9/2019 3:29,64,512,MLQ
1/24/2019 7:48,64,512,MLQ
1/27/2019 5:43,64,512,MLQ
1/28/2019 0:33,64,512,PMS
1/2/2019 1:08,64,512,MLQ
1/20/2019 2:18,64,512,MLQ
1/2/2019 6:41,64,512,MLQ
1/19/2019 1:29,64,512,MLQ
1/21/2019 4:11,64,512,MLQ
1/14/2019 16:39,64,512,MLQ
1/11/2019 6:03,64,512,MLQ
1/25/2019 19:30,64,512,MLQ
1/28/2019 15:00,64,512,MLQ
1/27/2019 14:10,64,512,MLQ
1/7/2019 15:13,64,512,MLQ
1/29/2019 20:43,64,512,MLQ
1/7/2019 10:02,64,512,MLQ
1/6/2019 19:28,64,512,MLQ
1/13/2019 3:58,64,512,MLQ
1/30/2019 9:53,64,512,MLQ
1/11/2019 0:34,64,512,MLQ
1/29/2019 5:59,64,512,MLQ
1/8/2019 0:15,64,512,MLQ
1/7/2019 16:30,64,512,MLQ
1/7/2019 0:43,64,512,MLQ
1/13/2019 0:13,64,512,MLQ
1/22/2019 1:16,64,512,MLQ
1/15/2019 17:16,64,512,MLQ
1/6/2019 15:43,64,512,MLQ
1/20/2019 9:24,64,512,MLQ
1/18/2019 12:37,64,512,MLQ
1/5/2019 13:02,64,512,MLQ
1/11/2019 3:27,64,512,MLQ
1/23/2019 8:40,64,512,MLQ
1/22/2019 21:37,64,512,MLQ
1/11/2019 17:33,64,512,MLQ
1/24/2019 15:35,64,512,MLQ
1/21/2019 8:51,64,512,MLQ
1/22/2019 6:50,64,512,MLQ
1/9/2019 9:16,64,512,MLQ
1/30/2019 0:40,64,512,MLQ
1/30/2019 17:07,64,512,MLQ
1/3/2019 7:46,64,512,MLQ
1/17/2019 8:30,64,512,MLQ
1/2/2019 1:28,64,512,MLQ
1/17/2019 15:29,64,512,MLQ
1/26/2019 12:27,64,512,MLQ
1/27/2019 7:59,64,512,MLQ
1/25/2019 2:50,64,512,MLQ
1/22/2019 7:29,64,512,MLQ
1/5/2019 5:07,64,512,MLQ
1/4/2019 1:06,64,512,MLQ
1/23/2019 8:40,64,512,MLQ
1/22/2019 7:04,64,512,MLQ
1/26/2019 19:17,64,512,MLQ
1/23/2019 22:14,64,512,MLQ
1/21/2019 5:27,64,512,PMS
1/17/2019 23:28,64,512,PMS
1/16/2019 4:54,64,512,PMS
1/6/2019 15:51,64,512,MLQ
1/9/2019 13:43,64,512,MLQ
1/21/2019 7:00,64,512,PMS
1/26/2019 4:36,64,512,MLQ
1/17/2019 20:12,64,512,PMS
1/15/2019 7:31,64,512,PMS
1/24/2019 3:05,64,512,PMS
1/19/2019 9:39,64,512,MLQ
1/17/2019 8:08,64,512,PMS
1/4/2019 10:26,64,512,MLQ
1/29/2019 10:45,64,512,MLQ
1/23/2019 7:15,64,512,MLQ
1/29/2019 23:43,64,512,MLQ
1/19/2019 23:46,64,512,MLQ
1/7/2019 8:21,64,512,MLQ
1/6/2019 9:25,64,512,MLQ
1/22/2019 18:08,64,512,MLQ
1/25/2019 7:40,64,512,PMS
1/7/2019 8:09,64,512,MLQ
1/7/2019 12:34,64,512,MLQ
1/6/2019 18:21,64,512,MLQ
1/5/2019 3:13,64,512,MLQ
1/1/2019 0:49,64,512,MLQ
1/19/2019 18:30,64,512,MLQ
1/17/2019 11:00,64,512,MLQ
1/20/2019 4:36,64,512,MLQ
1/15/2019 11:55,64,512,MLQ
1/16/2019 14:12,64,512,MLQ
1/15/2019 11:21,64,512,MLQ
1/4/2019 6:47,64,512,MLQ
1/22/2019 15:21,64,512,MLQ
1/9/2019 9:37,64,512,MLQ
1/23/2019 2:38,64,512,MLQ
1/12/2019 5:42,64,512,MLQ
1/2/2019 7:12,64,512,MLQ
1/11/2019 15:32,64,512,MLQ
1/28/2019 1:00,64,512,MLQ
1/10/2019 23:44,64,512,MLQ
1/2/2019 23:30,64,512,MLQ
1/19/2019 2:25,64,512,PMS
1/2/2019 19:04,64,512,PMS
1/30/2019 2:17,64,512,PMS
1/15/2019 9:00,64,512,MLQ
1/4/2019 13:44,64,512,MLQ
1/2/2019 9:31,64,512,MLQ
1/24/2019 21:40,64,512,MLQ
1/29/2019 20:46,64,512,MLQ
1/13/2019 15:33,64,512,MLQ
1/28/2019 19:08,64,512,MLQ
1/13/2019 8:50,64,512,PMS
1/27/2019 20:16,64,512,MLQ
1/9/2019 7:41,64,512,PMS
1/6/2019 22:29,64,512,PMS
1/8/2019 3:24,64,512,MLQ
1/29/2019 6:21,64,512,MLQ
1/21/2019 14:00,64,512,PMS
1/22/2019 14:44,64,512,MLQ
1/13/2019 14:31,64,512,MLQ
1/20/2019 21:28,64,512,MLQ
1/11/2019 6:32,64,512,MLQ
1/23/2019 18:59,64,512,PMS
1/11/2019 22:30,64,512,MLQ
1/3/2019 4:56,64,512,MLQ
1/16/2019 7:04,64,512,PMS
1/17/2019 18:06,64,512,MLQ
1/21/2019 17:48,64,512,MLQ
1/1/2019 14:00,64,512,MLQ
1/29/2019 12:16,64,512,MLQ
1/26/2019 10:58,96,512,PMS
1/21/2019 16:03,96,512,MLQ
1/1/2019 10:06,96,512,MLQ
1/10/2019 16:42,96,768,MLQ
1/6/2019 17:20,96,768,MLQ
1/9/2019 2:49,96,768,MLQ
1/23/2019 0:51,96,768,MLQ
1/25/2019 8:33,96,768,MLQ
1/23/2019 23:13,96,768,MLQ
1/8/2019 6:52,96,768,MLQ
1/29/2019 1:48,96,768,MLQ
1/3/2019 17:07,96,768,MLQ
1/13/2019 15:17,96,768,MLQ
1/26/2019 16:45,96,768,MLQ
1/15/2019 19:49,96,768,MLQ
1/12/2019 6:11,96,768,MLQ
1/17/2019 12:50,96,768,MLQ
1/30/2019 19:46,96,768,MLQ
1/8/2019 8:01,96,768,MLQ
1/25/2019 10:01,96,768,MLQ
1/4/2019 6:26,96,768,MLQ
1/25/2019 5:06,96,768,MLQ
1/14/2019 20:02,96,768,MLQ
1/6/2019 6:54,96,768,MLQ
1/25/2019 10:07,96,768,MLQ
1/8/2019 20:40,96,768,MLQ
1/7/2019 9:34,96,768,MLQ
1/7/2019 4:07,96,768,MLQ
1/30/2019 10:53,96,768,MLQ
1/10/2019 7:49,96,768,MLQ
1/22/2019 13:37,96,768,MLQ
1/14/2019 19:40,96,768,MLQ
1/26/2019 17:19,96,768,MLQ
1/16/2019 10:21,96,768,MLQ
1/13/2019 14:51,96,768,MLQ
1/11/2019 8:15,96,768,MLQ
1/4/2019 22:01,96,768,MLQ
1/9/2019 1:13,96,768,MLQ
1/20/2019 4:44,96,768,MLQ
1/30/2019 17:17,96,768,PMS
1/8/2019 16:05,96,768,PMS
1/27/2019 2:37,96,768,PMS
1/3/2019 7:35,96,768,MLQ
1/29/2019 15:47,96,768,MLQ
1/7/2019 10:18,96,768,MLQ
1/13/2019 0:29,96,768,MLQ
1/15/2019 4:50,96,768,MLQ
1/26/2019 3:03,96,768,MLQ
1/1/2019 7:10,96,768,MLQ
1/5/2019 9:32,96,768,MLQ
1/10/2019 13:58,96,768,MLQ
1/13/2019 5:17,96,768,MLQ
1/17/2019 11:24,96,768,MLQ
1/26/2019 1:49,96,768,MLQ
1/5/2019 6:27,96,768,MLQ
1/3/2019 20:12,96,768,MLQ
1/26/2019 23:14,96,768,MLQ
1/17/2019 0:39,96,768,MLQ
1/6/2019 6:49,96,768,MLQ
1/4/2019 9:41,96,768,MLQ
1/22/2019 21:57,96,768,MLQ
1/14/2019 9:46,96,768,MLQ
1/16/2019 11:17,96,768,MLQ
1/27/2019 17:14,96,768,MLQ
1/5/2019 4:45,96,768,MLQ
1/20/2019 14:35,96,768,MLQ
1/18/2019 9:35,96,768,PMS
1/1/2019 20:16,96,768,MLQ
1/18/2019 5:32,96,768,MLQ
1/18/2019 18:33,96,768,MLQ
1/20/2019 15:53,96,768,MLQ
1/27/2019 22:07,96,768,MLQ
1/12/2019 22:41,96,768,MLQ
1/23/2019 1:43,96,768,MLQ
1/1/2019 11:48,96,768,MLQ
1/19/2019 16:09,96,768,MLQ
1/11/2019 4:20,96,768,MLQ
1/4/2019 8:05,96,768,MLQ
1/13/2019 13:11,96,768,MLQ
1/22/2019 7:42,96,768,MLQ
1/26/2019 3:40,96,768,MLQ
1/30/2019 14:53,96,768,MLQ
1/7/2019 14:15,96,768,MLQ
1/4/2019 10:29,96,768,MLQ
1/20/2019 5:55,96,768,MLQ
1/11/2019 9:33,96,768,PMS
1/8/2019 10:36,96,768,MLQ
1/8/2019 8:59,96,768,MLQ
1/8/2019 0:44,96,768,MLQ
1/3/2019 17:04,96,768,MLQ
1/17/2019 2:57,96,768,MLQ
1/29/2019 17:14,96,768,MLQ
1/7/2019 8:26,96,768,MLQ
1/16/2019 2:44,96,768,PMS
1/9/2019 16:23,96,768,PMS
1/1/2019 6:15,96,768,MLQ
1/24/2019 13:56,96,768,MLQ
1/5/2019 7:11,96,768,MLQ
1/7/2019 12:25,96,768,MLQ
1/25/2019 21:11,96,768,MLQ
1/9/2019 10:18,96,768,MLQ
1/1/2019 4:14,96,768,MLQ
1/5/2019 7:07,96,768,MLQ
1/29/2019 7:27,96,768,PMS
1/20/2019 6:18,96,768,MLQ
1/26/2019 0:17,96,1024,MLQ
1/4/2019 20:51,96,1024,MLQ
1/21/2019 5:16,96,1024,MLQ
1/26/2019 20:14,96,1024,MLQ
1/9/2019 14:42,96,1024,MLQ
1/26/2019 22:25,96,1024,MLQ
1/26/2019 10:26,96,1024,MLQ
1/24/2019 7:57,96,1024,MLQ
1/15/2019 8:37,96,1024,MLQ
1/2/2019 15:56,96,1024,MLQ
1/29/2019 2:00,96,1024,PMS
1/4/2019 11:05,96,1024,MLQ
1/25/2019 2:38,96,1024,MLQ
1/30/2019 4:14,96,1024,PMS
1/13/2019 4:49,96,1024,MLQ
1/22/2019 13:20,96,1024,MLQ
1/1/2019 3:31,96,1024,MLQ
1/22/2019 13:40,96,1024,MLQ
1/6/2019 13:19,96,1024,MLQ
1/14/2019 19:07,96,1024,MLQ
1/25/2019 5:26,96,1024,MLQ
1/25/2019 2:46,96,1024,MLQ
1/5/2019 14:05,96,1024,MLQ
1/19/2019 13:15,96,1024,MLQ
1/23/2019 20:58,96,1024,MLQ
1/17/2019 9:23,96,1024,MLQ
1/26/2019 8:43,96,1024,MLQ
1/10/2019 0:23,96,1024,MLQ
1/13/2019 20:47,96,1024,MLQ
1/11/2019 8:13,96,1024,MLQ
1/25/2019 2:43,96,1024,MLQ
1/12/2019 12:16,96,1024,MLQ
1/16/2019 13:58,96,1024,MLQ
1/27/2019 2:33,96,1024,MLQ
1/26/2019 3:36,96,1024,MLQ
1/30/2019 3:15,96,1024,MLQ
1/26/2019 8:09,96,1024,MLQ
1/29/2019 7:16,96,1024,MLQ
1/11/2019 6:02,96,1024,MLQ
1/27/2019 20:27,96,1024,MLQ
1/15/2019 1:22,96,1024,MLQ
1/2/2019 22:14,96,1024,MLQ
1/19/2019 6:09,96,1024,MLQ
1/18/2019 22:00,96,1024,MLQ
1/5/2019 15:26,96,1024,MLQ
1/14/2019 1:51,96,1024,MLQ
1/5/2019 3:16,96,1024,MLQ
1/21/2019 20:37,128,1024,MLQ
1/12/2019 7:11,128,1024,MLQ
1/21/2019 18:07,128,1024,MLQ
1/28/2019 7:37,128,1024,MLQ
1/12/2019 15:53,128,1024,MLQ
1/13/2019 1:43,128,1024,MLQ
